seller_id,sku,name,link
200265,8496435050154,Kmart Store,https://tiki.vn/cua-hang/kmart-store
25203,5453682956104,Lagihitech2,https://tiki.vn/cua-hang/lagihitech2
154163,1795795194452,TP-Link Official Store,https://tiki.vn/cua-hang/tp-link-official-store
25203,5219119302514,Lagihitech2,https://tiki.vn/cua-hang/lagihitech2
198012,6524122468007,Phần mềm Văn phòng,https://tiki.vn/cua-hang/phan-mem-van-phong
1,4425232849575,Tiki Trading,https://tiki.vn/cua-hang/tiki-trading
129537,4907724742505,Mi Hoàng Gia,https://tiki.vn/cua-hang/mi-hoang-gia
25203,8377749422939,Lagihitech2,https://tiki.vn/cua-hang/lagihitech2
260643,1354711878031,BEECUBE HỒ CHÍ MINH,https://tiki.vn/cua-hang/beecube-ho-chi-minh
154163,5475003762784,TP-Link Official Store,https://tiki.vn/cua-hang/tp-link-official-store
65836,8029055488279,Tin học Nguyễn Tài,https://tiki.vn/cua-hang/tin-hoc-nguyen-tai
200265,8007992581542,Kmart Store,https://tiki.vn/cua-hang/kmart-store
26446,2133994377679,Tin Học Hoàng Kim,https://tiki.vn/cua-hang/tin-hoc-hoang-kim
25203,7762217578118,Lagihitech2,https://tiki.vn/cua-hang/lagihitech2
783,6109891952284,Lưu Trữ Sài Gòn,https://tiki.vn/cua-hang/luu-tru-sai-gon
200265,4342837157413,Kmart Store,https://tiki.vn/cua-hang/kmart-store
1,5005181506469,Tiki Trading,https://tiki.vn/cua-hang/tiki-trading
65836,1024217414194,Tin học Nguyễn Tài,https://tiki.vn/cua-hang/tin-hoc-nguyen-tai
25203,9490939673610,Lagihitech2,https://tiki.vn/cua-hang/lagihitech2
154163,1892068941437,TP-Link Official Store,https://tiki.vn/cua-hang/tp-link-official-store
1,5002339207995,Tiki Trading,https://tiki.vn/cua-hang/tiki-trading
1,1874628414357,Tiki Trading,https://tiki.vn/cua-hang/tiki-trading
312039,3755130409592,Âu Cơ Store,https://tiki.vn/cua-hang/au-co-store
783,5689923781475,Lưu Trữ Sài Gòn,https://tiki.vn/cua-hang/luu-tru-sai-gon
1,9196345123397,Tiki Trading,https://tiki.vn/cua-hang/tiki-trading
73012,5712899283503,SiroShop,https://tiki.vn/cua-hang/siroshop
154163,3392877833704,TP-Link Official Store,https://tiki.vn/cua-hang/tp-link-official-store
915,7667540264099,Nova Computer,https://tiki.vn/cua-hang/nova-computer
278788,3096207111986,Pixlink Office Store,https://tiki.vn/cua-hang/pixlink-office-store
154163,3781271395243,TP-Link Official Store,https://tiki.vn/cua-hang/tp-link-official-store
121374,4971535984536,Thanh Giác,https://tiki.vn/cua-hang/thanh-giac
1,7999062493408,Tiki Trading,https://tiki.vn/cua-hang/tiki-trading
1,6417519748714,Tiki Trading,https://tiki.vn/cua-hang/tiki-trading
154163,7067097653519,TP-Link Official Store,https://tiki.vn/cua-hang/tp-link-official-store
154163,8641555272166,TP-Link Official Store,https://tiki.vn/cua-hang/tp-link-official-store
65686,2676868629639,Mực in máy in Nhật Hưng,https://tiki.vn/cua-hang/muc-in-may-in-vinh-hung
25203,9041276863080,Lagihitech2,https://tiki.vn/cua-hang/lagihitech2
1242,4631180283972,"Vo Hoang Trading Co.,Ltd",https://tiki.vn/cua-hang/vo-hoang-trading-coltd
25203,5707565717316,Lagihitech2,https://tiki.vn/cua-hang/lagihitech2
278788,6227444782338,Pixlink Office Store,https://tiki.vn/cua-hang/pixlink-office-store
154163,3822178201372,TP-Link Official Store,https://tiki.vn/cua-hang/tp-link-official-store
198012,1569174723956,Phần mềm Văn phòng,https://tiki.vn/cua-hang/phan-mem-van-phong
154163,3727565970346,TP-Link Official Store,https://tiki.vn/cua-hang/tp-link-official-store
25203,8814712088841,Lagihitech2,https://tiki.vn/cua-hang/lagihitech2
1242,5899643434599,"Vo Hoang Trading Co.,Ltd",https://tiki.vn/cua-hang/vo-hoang-trading-coltd
154163,7802738439124,TP-Link Official Store,https://tiki.vn/cua-hang/tp-link-official-store
65686,7546849868737,Mực in máy in Nhật Hưng,https://tiki.vn/cua-hang/muc-in-may-in-vinh-hung
76796,4647455720607,Vietstore24h,https://tiki.vn/cua-hang/vietstore24h
46736,4754802888834,Vi Tính Gia Phát,https://tiki.vn/cua-hang/vi-tinh-gia-phat
101260,1859588544124,Siêu Thị Công Nghệ Online,https://tiki.vn/cua-hang/sieu-thi-cong-nghe-online
25203,6340416610528,Lagihitech2,https://tiki.vn/cua-hang/lagihitech2
65686,4240903038793,Mực in máy in Nhật Hưng,https://tiki.vn/cua-hang/muc-in-may-in-vinh-hung
65686,9210649688168,Mực in máy in Nhật Hưng,https://tiki.vn/cua-hang/muc-in-may-in-vinh-hung
278788,1764438040811,Pixlink Office Store,https://tiki.vn/cua-hang/pixlink-office-store
25203,8018032976202,Lagihitech2,https://tiki.vn/cua-hang/lagihitech2
27572,9553177752582,NGUYENVUSTORE,https://tiki.vn/cua-hang/nguyenvustore
25203,9588820810920,Lagihitech2,https://tiki.vn/cua-hang/lagihitech2
27572,5427434598449,NGUYENVUSTORE,https://tiki.vn/cua-hang/nguyenvustore
5411,5154345986453,vinet shop,https://tiki.vn/cua-hang/vinet-shop
2170,2860562928985,Hangchinhhieu(TP.HCM),https://tiki.vn/cua-hang/hangchinhhieutphcm
25203,1812340061516,Lagihitech2,https://tiki.vn/cua-hang/lagihitech2
25203,5179089389551,Lagihitech2,https://tiki.vn/cua-hang/lagihitech2
25203,9350898070790,Lagihitech2,https://tiki.vn/cua-hang/lagihitech2
217686,4476940794791,Mercusys Official Store,https://tiki.vn/cua-hang/mercusys-official-store
154163,6260527694760,TP-Link Official Store,https://tiki.vn/cua-hang/tp-link-official-store
1,5006884889262,Tiki Trading,https://tiki.vn/cua-hang/tiki-trading
49929,7608605313513,68mua,https://tiki.vn/cua-hang/68mua
154163,8501660039390,TP-Link Official Store,https://tiki.vn/cua-hang/tp-link-official-store
27572,2982088793615,NGUYENVUSTORE,https://tiki.vn/cua-hang/nguyenvustore
3103,5045418697416,Vi Tính Chí Cường,https://tiki.vn/cua-hang/vi-tinh-chi-cuong
25203,6343407887338,Lagihitech2,https://tiki.vn/cua-hang/lagihitech2
1,6533219017127,Tiki Trading,https://tiki.vn/cua-hang/tiki-trading
154163,8420444725712,TP-Link Official Store,https://tiki.vn/cua-hang/tp-link-official-store
1,7126773233377,Tiki Trading,https://tiki.vn/cua-hang/tiki-trading
154163,9730090543656,TP-Link Official Store,https://tiki.vn/cua-hang/tp-link-official-store
187121,3780323271970,Phụ Kiện Hoàn Linh,https://tiki.vn/cua-hang/phu-kien-hoan-linh
15937,9005987065167,VINSEC,https://tiki.vn/cua-hang/vinsec
67624,3384419521194,AKIA SmartHome Store,https://tiki.vn/cua-hang/akia-smart-home
1,1686454616470,Tiki Trading,https://tiki.vn/cua-hang/tiki-trading
1,6200562175497,Tiki Trading,https://tiki.vn/cua-hang/tiki-trading
65686,8507503422428,Mực in máy in Nhật Hưng,https://tiki.vn/cua-hang/muc-in-may-in-vinh-hung
65686,2902020674040,Mực in máy in Nhật Hưng,https://tiki.vn/cua-hang/muc-in-may-in-vinh-hung
1,7589889963017,Tiki Trading,https://tiki.vn/cua-hang/tiki-trading
217686,8621442837736,Mercusys Official Store,https://tiki.vn/cua-hang/mercusys-official-store
73012,1737929315963,SiroShop,https://tiki.vn/cua-hang/siroshop
65686,8425963071072,Mực in máy in Nhật Hưng,https://tiki.vn/cua-hang/muc-in-may-in-vinh-hung
25203,3303913847074,Lagihitech2,https://tiki.vn/cua-hang/lagihitech2
154163,9317839803728,TP-Link Official Store,https://tiki.vn/cua-hang/tp-link-official-store
154163,7168772457620,TP-Link Official Store,https://tiki.vn/cua-hang/tp-link-official-store
65686,8665616307336,Mực in máy in Nhật Hưng,https://tiki.vn/cua-hang/muc-in-may-in-vinh-hung
65686,4218343766675,Mực in máy in Nhật Hưng,https://tiki.vn/cua-hang/muc-in-may-in-vinh-hung
915,9653539811939,Nova Computer,https://tiki.vn/cua-hang/nova-computer
183951,3965766463097,Shop Thành Long Mực in,https://tiki.vn/cua-hang/shop-thanh-long-muc-in
141792,7534482355478,Shop Mạnh Tiến,https://tiki.vn/cua-hang/shop-manh-tien
65686,1899728320083,Mực in máy in Nhật Hưng,https://tiki.vn/cua-hang/muc-in-may-in-vinh-hung
783,4059996301451,Lưu Trữ Sài Gòn,https://tiki.vn/cua-hang/luu-tru-sai-gon
116331,5535454459358,Máy Tính Tuấn Anh BV,https://tiki.vn/cua-hang/may-tinh-tuan-anh-bv
154163,7847683145647,TP-Link Official Store,https://tiki.vn/cua-hang/tp-link-official-store
60386,4458169847951,VNB STORE,https://tiki.vn/cua-hang/vnb-store
15937,7284611509427,VINSEC,https://tiki.vn/cua-hang/vinsec
5346,9219767259448,SIEUTHIHANGCONGNGHE,https://tiki.vn/cua-hang/sieuthihangcongnghe
154163,6222078429109,TP-Link Official Store,https://tiki.vn/cua-hang/tp-link-official-store
25203,7330041943237,Lagihitech2,https://tiki.vn/cua-hang/lagihitech2
25203,7679992271701,Lagihitech2,https://tiki.vn/cua-hang/lagihitech2
73012,5397506428902,SiroShop,https://tiki.vn/cua-hang/siroshop
297182,6551022947607,Authorized Acer Storage,https://tiki.vn/cua-hang/authorized-acer-storage
154163,2592058285318,TP-Link Official Store,https://tiki.vn/cua-hang/tp-link-official-store
25203,1301671565003,Lagihitech2,https://tiki.vn/cua-hang/lagihitech2
25203,3911958641368,Lagihitech2,https://tiki.vn/cua-hang/lagihitech2
3103,6267186371091,Vi Tính Chí Cường,https://tiki.vn/cua-hang/vi-tinh-chi-cuong
65686,9499672833039,Mực in máy in Nhật Hưng,https://tiki.vn/cua-hang/muc-in-may-in-vinh-hung
858,4029482638538,IT CHÍNH HÃNG (HCM),https://tiki.vn/cua-hang/san-pham-it-chinh-hang-gia-tot-nhat
65686,6372784819760,Mực in máy in Nhật Hưng,https://tiki.vn/cua-hang/muc-in-may-in-vinh-hung
73012,6460254738589,SiroShop,https://tiki.vn/cua-hang/siroshop
20428,4502665982227,TDC computer,https://tiki.vn/cua-hang/tdc-computer
73012,2251331394241,SiroShop,https://tiki.vn/cua-hang/siroshop
25203,1169263306966,Lagihitech2,https://tiki.vn/cua-hang/lagihitech2
154163,3106467976922,TP-Link Official Store,https://tiki.vn/cua-hang/tp-link-official-store
45223,5741952269511,Bảo Hân Treasures,https://tiki.vn/cua-hang/bao-han-treasures
1,7892416824874,Tiki Trading,https://tiki.vn/cua-hang/tiki-trading
65686,6627315044686,Mực in máy in Nhật Hưng,https://tiki.vn/cua-hang/muc-in-may-in-vinh-hung
200265,6342278246848,Kmart Store,https://tiki.vn/cua-hang/kmart-store
200265,2236896929207,Kmart Store,https://tiki.vn/cua-hang/kmart-store
10657,3664982412625,LINH KIỆN TUẤN KHANH,https://tiki.vn/cua-hang/linh-kien-tuan-khanh
1,1326888418947,Tiki Trading,https://tiki.vn/cua-hang/tiki-trading
3103,1473661168621,Vi Tính Chí Cường,https://tiki.vn/cua-hang/vi-tinh-chi-cuong
53713,5647318081642,linhkien1984,https://tiki.vn/cua-hang/linhkien1984
73012,8506316310752,SiroShop,https://tiki.vn/cua-hang/siroshop
25203,9986283771480,Lagihitech2,https://tiki.vn/cua-hang/lagihitech2
65686,4940848908884,Mực in máy in Nhật Hưng,https://tiki.vn/cua-hang/muc-in-may-in-vinh-hung
65686,7051490100483,Mực in máy in Nhật Hưng,https://tiki.vn/cua-hang/muc-in-may-in-vinh-hung
154163,2011633312781,TP-Link Official Store,https://tiki.vn/cua-hang/tp-link-official-store
65686,4696682021448,Mực in máy in Nhật Hưng,https://tiki.vn/cua-hang/muc-in-may-in-vinh-hung
1,8546640765540,Tiki Trading,https://tiki.vn/cua-hang/tiki-trading
1450,2577328383238,WIN,https://tiki.vn/cua-hang/win
783,5899461450869,Lưu Trữ Sài Gòn,https://tiki.vn/cua-hang/luu-tru-sai-gon
20428,8000259609149,TDC computer,https://tiki.vn/cua-hang/tdc-computer
144022,5954062756389,SHOP NHÀ BON,https://tiki.vn/cua-hang/shop-nha-bon
12395,1849710523666,Vi Tính Lê Huy,https://tiki.vn/cua-hang/vi-tinh-le-huy
133440,2485626949086,Danh Shop,https://tiki.vn/cua-hang/danh-shop
25203,3981908670540,Lagihitech2,https://tiki.vn/cua-hang/lagihitech2
41387,9619633381946,HP Official Store,https://tiki.vn/cua-hang/hp-official-store
49929,5169734187137,68mua,https://tiki.vn/cua-hang/68mua
46736,7968433908414,Vi Tính Gia Phát,https://tiki.vn/cua-hang/vi-tinh-gia-phat
45,6103696698538,Tin Học - Viễn Thông,https://tiki.vn/cua-hang/tin-hoc-vien-thong
194888,2605407683094,Thúy phan USB WIFI WIRELESS,https://tiki.vn/cua-hang/thuy-phan-usb-wifi-wireless
1,8309214247489,Tiki Trading,https://tiki.vn/cua-hang/tiki-trading
100773,1757181173024,Smart Trading,https://tiki.vn/cua-hang/smart-trading
154163,8930620416347,TP-Link Official Store,https://tiki.vn/cua-hang/tp-link-official-store
200265,8219135126276,Kmart Store,https://tiki.vn/cua-hang/kmart-store
15937,5914478369451,VINSEC,https://tiki.vn/cua-hang/vinsec
3103,8246139527519,Vi Tính Chí Cường,https://tiki.vn/cua-hang/vi-tinh-chi-cuong
20428,8462045077041,TDC computer,https://tiki.vn/cua-hang/tdc-computer
12395,6174073068901,Vi Tính Lê Huy,https://tiki.vn/cua-hang/vi-tinh-le-huy
3844,9917096272477,NAKAPOS,https://tiki.vn/cua-hang/nakapos
25203,1283469606252,Lagihitech2,https://tiki.vn/cua-hang/lagihitech2
25203,3664133406626,Lagihitech2,https://tiki.vn/cua-hang/lagihitech2
1,4868452701533,Tiki Trading,https://tiki.vn/cua-hang/tiki-trading
154163,3106050464049,TP-Link Official Store,https://tiki.vn/cua-hang/tp-link-official-store
25203,4004646767122,Lagihitech2,https://tiki.vn/cua-hang/lagihitech2
64160,6695446534147,Công Nghệ July,https://tiki.vn/cua-hang/cong-nghe-july
46736,2903076003298,Vi Tính Gia Phát,https://tiki.vn/cua-hang/vi-tinh-gia-phat
571,7040564576934,Gia Lạc Trading,https://tiki.vn/cua-hang/gia-lac
12854,2468770790515,ThuanThienTs,https://tiki.vn/cua-hang/thuanthients
207951,1925698768265,TORY Official Store,https://tiki.vn/cua-hang/tory-official-store
154163,2640675320312,TP-Link Official Store,https://tiki.vn/cua-hang/tp-link-official-store
191464,1667927045427,Combo Store,https://tiki.vn/cua-hang/combo-store
65686,6106979537449,Mực in máy in Nhật Hưng,https://tiki.vn/cua-hang/muc-in-may-in-vinh-hung
65686,1522473536998,Mực in máy in Nhật Hưng,https://tiki.vn/cua-hang/muc-in-may-in-vinh-hung
1,4185781272642,Tiki Trading,https://tiki.vn/cua-hang/tiki-trading
49929,3655058243809,68mua,https://tiki.vn/cua-hang/68mua
299569,4736498488561,MỰC IN ALPHA OFFICE,https://tiki.vn/cua-hang/muc-in-alpha-office
12854,8378149251976,ThuanThienTs,https://tiki.vn/cua-hang/thuanthients
65686,7440449098146,Mực in máy in Nhật Hưng,https://tiki.vn/cua-hang/muc-in-may-in-vinh-hung
696,4768930265239,Tiến Mạnh Music,https://tiki.vn/cua-hang/tien-manh-music
25203,7052035312965,Lagihitech2,https://tiki.vn/cua-hang/lagihitech2
8749,4875860499768,TOTOLINK Official Store,https://tiki.vn/cua-hang/totolink-viet-nam
154163,8825787339552,TP-Link Official Store,https://tiki.vn/cua-hang/tp-link-official-store
160211,6516283057142,Vinameeting,https://tiki.vn/cua-hang/vinameeting
231239,9111688496303,Kayotec Store,https://tiki.vn/cua-hang/kayotec-store
101260,2543080721173,Siêu Thị Công Nghệ Online,https://tiki.vn/cua-hang/sieu-thi-cong-nghe-online
64160,7702517506183,Công Nghệ July,https://tiki.vn/cua-hang/cong-nghe-july
65686,5900667360989,Mực in máy in Nhật Hưng,https://tiki.vn/cua-hang/muc-in-may-in-vinh-hung
25203,2417583729309,Lagihitech2,https://tiki.vn/cua-hang/lagihitech2
121374,9867317128354,Thanh Giác,https://tiki.vn/cua-hang/thanh-giac
58260,1400711750396,Shop Mall,https://tiki.vn/cua-hang/shop-mall
7934,5720582755504,Máy tính Lanh Dung,https://tiki.vn/cua-hang/may-tinh-lanh-dung
93856,2078858701362,Máy Tính TDC,https://tiki.vn/cua-hang/may-tinh-tdc
330212,7525986837245,SanDisk Flagship Store,https://tiki.vn/cua-hang/sandisk-flagship-store
154163,6229218986099,TP-Link Official Store,https://tiki.vn/cua-hang/tp-link-official-store
64160,7941330638019,Công Nghệ July,https://tiki.vn/cua-hang/cong-nghe-july
65686,7135123212579,Mực in máy in Nhật Hưng,https://tiki.vn/cua-hang/muc-in-may-in-vinh-hung
200265,9295545758196,Kmart Store,https://tiki.vn/cua-hang/kmart-store
76905,1339244969224,Giấy In Bill,https://tiki.vn/cua-hang/giay-in-bill
1,8210919971861,Tiki Trading,https://tiki.vn/cua-hang/tiki-trading
12395,5575126688234,Vi Tính Lê Huy,https://tiki.vn/cua-hang/vi-tinh-le-huy
119952,3262665735174,Mực máy in Cường Phú,https://tiki.vn/cua-hang/muc-may-in-cuong-phu
27572,9098698962187,NGUYENVUSTORE,https://tiki.vn/cua-hang/nguyenvustore
126350,5896966876612,Tenda Official Store,https://tiki.vn/cua-hang/tenda-official-store
858,6637861204833,IT CHÍNH HÃNG (HCM),https://tiki.vn/cua-hang/san-pham-it-chinh-hang-gia-tot-nhat
300019,6644420899322,HappyLive Store,https://tiki.vn/cua-hang/happylive-store
192038,5052576505175,TTQ Store,https://tiki.vn/cua-hang/ttq-store
65686,5769411533265,Mực in máy in Nhật Hưng,https://tiki.vn/cua-hang/muc-in-may-in-vinh-hung
12854,8936514332820,ThuanThienTs,https://tiki.vn/cua-hang/thuanthients
273254,9928795258069,LINH KIỆN MÁY IN TRỌNG VINH,https://tiki.vn/cua-hang/linh-kien-may-in-trong-vinh
326560,4971336105608,QPOS kho sỉ giấy in,https://tiki.vn/cua-hang/qpos-kho-si-giay-in
45,2467027304036,Tin Học - Viễn Thông,https://tiki.vn/cua-hang/tin-hoc-vien-thong
12395,4807732789557,Vi Tính Lê Huy,https://tiki.vn/cua-hang/vi-tinh-le-huy
2215,7524186955680,Máy Ảnh JP,https://tiki.vn/cua-hang/may-anh-jp
27572,6021691505423,NGUYENVUSTORE,https://tiki.vn/cua-hang/nguyenvustore
65686,9823099968939,Mực in máy in Nhật Hưng,https://tiki.vn/cua-hang/muc-in-may-in-vinh-hung
25203,8731391582937,Lagihitech2,https://tiki.vn/cua-hang/lagihitech2
65686,9130588306216,Mực in máy in Nhật Hưng,https://tiki.vn/cua-hang/muc-in-may-in-vinh-hung
65686,3249688702083,Mực in máy in Nhật Hưng,https://tiki.vn/cua-hang/muc-in-may-in-vinh-hung
3103,2929838135898,Vi Tính Chí Cường,https://tiki.vn/cua-hang/vi-tinh-chi-cuong
1242,1423879886039,"Vo Hoang Trading Co.,Ltd",https://tiki.vn/cua-hang/vo-hoang-trading-coltd
288229,8216845628570,TECHOME,https://tiki.vn/cua-hang/techome
783,5089034574214,Lưu Trữ Sài Gòn,https://tiki.vn/cua-hang/luu-tru-sai-gon
25203,5902771345475,Lagihitech2,https://tiki.vn/cua-hang/lagihitech2
783,2911675727223,Lưu Trữ Sài Gòn,https://tiki.vn/cua-hang/luu-tru-sai-gon
73012,6582246083588,SiroShop,https://tiki.vn/cua-hang/siroshop
1,3163757569305,Tiki Trading,https://tiki.vn/cua-hang/tiki-trading
104276,1264985875161,YORN Official Store,https://tiki.vn/cua-hang/juzz
283233,6868798753392,HÀ NỘI DIGITAL SHOP,https://tiki.vn/cua-hang/ha-noi-digital-shop
5411,9135716160449,vinet shop,https://tiki.vn/cua-hang/vinet-shop
1,2005881963760,Tiki Trading,https://tiki.vn/cua-hang/tiki-trading
27572,2401469750662,NGUYENVUSTORE,https://tiki.vn/cua-hang/nguyenvustore
56430,5598423303558,Máy tính Bảo Ngọc,https://tiki.vn/cua-hang/may-tinh-bao-ngoc
297182,3057705255159,Authorized Acer Storage,https://tiki.vn/cua-hang/authorized-acer-storage
203285,7534313844810,TUỆ MẪN PL,https://tiki.vn/cua-hang/tue-man-pl
126350,4266139043301,Tenda Official Store,https://tiki.vn/cua-hang/tenda-official-store
1,7239048939392,Tiki Trading,https://tiki.vn/cua-hang/tiki-trading
25203,6981613752138,Lagihitech2,https://tiki.vn/cua-hang/lagihitech2
27572,9969288888975,NGUYENVUSTORE,https://tiki.vn/cua-hang/nguyenvustore
25203,9791536091803,Lagihitech2,https://tiki.vn/cua-hang/lagihitech2
56430,8810075235819,Máy tính Bảo Ngọc,https://tiki.vn/cua-hang/may-tinh-bao-ngoc
154163,1398111330904,TP-Link Official Store,https://tiki.vn/cua-hang/tp-link-official-store
76796,9522914900395,Vietstore24h,https://tiki.vn/cua-hang/vietstore24h
65686,6932320974645,Mực in máy in Nhật Hưng,https://tiki.vn/cua-hang/muc-in-may-in-vinh-hung
65686,6557511941809,Mực in máy in Nhật Hưng,https://tiki.vn/cua-hang/muc-in-may-in-vinh-hung
16972,5837936350023,TIN HỌC THÀNH NHÂN,https://tiki.vn/cua-hang/tin-hoc-thanh-nhan
158761,1240480583630,Mực in máy in Liêu Phát,https://tiki.vn/cua-hang/muc-in-may-in-lieu-phat
65686,3856635827458,Mực in máy in Nhật Hưng,https://tiki.vn/cua-hang/muc-in-may-in-vinh-hung
15937,1981913524951,VINSEC,https://tiki.vn/cua-hang/vinsec
329374,9612521896511,HN COMPUTER,https://tiki.vn/cua-hang/hn-computer
12395,9388091798428,Vi Tính Lê Huy,https://tiki.vn/cua-hang/vi-tinh-le-huy
5411,1303560558246,vinet shop,https://tiki.vn/cua-hang/vinet-shop
126350,5343685934378,Tenda Official Store,https://tiki.vn/cua-hang/tenda-official-store
3103,5768771690909,Vi Tính Chí Cường,https://tiki.vn/cua-hang/vi-tinh-chi-cuong
110920,4966915436905,Timy,https://tiki.vn/cua-hang/timy
1,3892930967570,Tiki Trading,https://tiki.vn/cua-hang/tiki-trading
51389,1635799174442,Bachkhoa tech,https://tiki.vn/cua-hang/bachkhoa-tech
6975,6159306752976,HACHI STORE,https://tiki.vn/cua-hang/hachi-store
314495,5681852107642,Vi tính Nhất Sơn,https://tiki.vn/cua-hang/vi-tinh-nhat-son
192038,7357697308318,TTQ Store,https://tiki.vn/cua-hang/ttq-store
9884,3333618685329,Ugreen Official Store,https://tiki.vn/cua-hang/ugreen-official-store
1,6366020227080,Tiki Trading,https://tiki.vn/cua-hang/tiki-trading
45223,3795738541324,Bảo Hân Treasures,https://tiki.vn/cua-hang/bao-han-treasures
20367,9743453216000,VI TÍNH NAM TRUNG HẢI,https://tiki.vn/cua-hang/vi-tinh-nam-trung-hai
9980,3642033357266,Minh Chau Computer,https://tiki.vn/cua-hang/minh-chau-computer
24055,6959435767608,Máy chiếu NH Projector,https://tiki.vn/cua-hang/may-chieu-nh-projector
20850,1756713976727,THÀNH CÔNG CAMERA,https://tiki.vn/cua-hang/thanh-cong-camera
319481,9403698755116,Vua linh kiện laptop,https://tiki.vn/cua-hang/vua-linh-kien-laptop
287167,9533194661370,Máy quét mã vạch YHDAA,https://tiki.vn/cua-hang/may-quet-ma-vach-yhdaa
267338,7200137693268,Máy Photocopy Hoàng Nguyên,https://tiki.vn/cua-hang/may-photocopy-hoang-nguyen
25222,2444350541847,H SHOP,https://tiki.vn/cua-hang/h-shop
231239,2103636479455,Kayotec Store,https://tiki.vn/cua-hang/kayotec-store
59640,8110365195944,Extreme Zero Online,https://tiki.vn/cua-hang/extreme-zero-online
24055,8516545250930,Máy chiếu NH Projector,https://tiki.vn/cua-hang/may-chieu-nh-projector
314495,7885757162323,Vi tính Nhất Sơn,https://tiki.vn/cua-hang/vi-tinh-nhat-son
131912,9309306085355,Shop Thịnh,https://tiki.vn/cua-hang/shop-thinh
73012,3195257962181,SiroShop,https://tiki.vn/cua-hang/siroshop
45223,9475607343634,Bảo Hân Treasures,https://tiki.vn/cua-hang/bao-han-treasures
9316,6130180189234,TD Computer,https://tiki.vn/cua-hang/td-computer
56430,4563106024036,Máy tính Bảo Ngọc,https://tiki.vn/cua-hang/may-tinh-bao-ngoc
232139,1497675889086,Seagate Official Store,https://tiki.vn/cua-hang/seagate-official-store
41387,7617285232557,HP Official Store,https://tiki.vn/cua-hang/hp-official-store
1242,9452512127490,"Vo Hoang Trading Co.,Ltd",https://tiki.vn/cua-hang/vo-hoang-trading-coltd
200265,9844326902001,Kmart Store,https://tiki.vn/cua-hang/kmart-store
3103,9900888527025,Vi Tính Chí Cường,https://tiki.vn/cua-hang/vi-tinh-chi-cuong
65686,5849586451059,Mực in máy in Nhật Hưng,https://tiki.vn/cua-hang/muc-in-may-in-vinh-hung
27572,5393883298714,NGUYENVUSTORE,https://tiki.vn/cua-hang/nguyenvustore
154163,9565605035052,TP-Link Official Store,https://tiki.vn/cua-hang/tp-link-official-store
48369,1530838448595,KHO SỈ CÔNG NGHỆ,https://tiki.vn/cua-hang/kho-si-cong-nghe
156976,2936663679205,CIVIP Technology,https://tiki.vn/cua-hang/civip-technology
65686,4385585234076,Mực in máy in Nhật Hưng,https://tiki.vn/cua-hang/muc-in-may-in-vinh-hung
12395,4302416790422,Vi Tính Lê Huy,https://tiki.vn/cua-hang/vi-tinh-le-huy
25203,4998305271446,Lagihitech2,https://tiki.vn/cua-hang/lagihitech2
65686,6438338401369,Mực in máy in Nhật Hưng,https://tiki.vn/cua-hang/muc-in-may-in-vinh-hung
65686,8231426941780,Mực in máy in Nhật Hưng,https://tiki.vn/cua-hang/muc-in-may-in-vinh-hung
27572,4059374202912,NGUYENVUSTORE,https://tiki.vn/cua-hang/nguyenvustore
65686,8218598446692,Mực in máy in Nhật Hưng,https://tiki.vn/cua-hang/muc-in-may-in-vinh-hung
858,1429059778613,IT CHÍNH HÃNG (HCM),https://tiki.vn/cua-hang/san-pham-it-chinh-hang-gia-tot-nhat
46736,5539321884360,Vi Tính Gia Phát,https://tiki.vn/cua-hang/vi-tinh-gia-phat
65686,6083654231918,Mực in máy in Nhật Hưng,https://tiki.vn/cua-hang/muc-in-may-in-vinh-hung
25222,8580132530659,H SHOP,https://tiki.vn/cua-hang/h-shop
73012,8587748431253,SiroShop,https://tiki.vn/cua-hang/siroshop
3103,4853020038904,Vi Tính Chí Cường,https://tiki.vn/cua-hang/vi-tinh-chi-cuong
46736,8043218473731,Vi Tính Gia Phát,https://tiki.vn/cua-hang/vi-tinh-gia-phat
110920,6859008920866,Timy,https://tiki.vn/cua-hang/timy
45,6104441817631,Tin Học - Viễn Thông,https://tiki.vn/cua-hang/tin-hoc-vien-thong
1,2571972689326,Tiki Trading,https://tiki.vn/cua-hang/tiki-trading
9884,4055035740489,Ugreen Official Store,https://tiki.vn/cua-hang/ugreen-official-store
65686,8152209668528,Mực in máy in Nhật Hưng,https://tiki.vn/cua-hang/muc-in-may-in-vinh-hung
64160,8825507873793,Công Nghệ July,https://tiki.vn/cua-hang/cong-nghe-july
1,8735282024560,Tiki Trading,https://tiki.vn/cua-hang/tiki-trading
110919,7049744846648,Store Gia Nguyễn,https://tiki.vn/cua-hang/store-gia-nguyen
1,4579513658863,Tiki Trading,https://tiki.vn/cua-hang/tiki-trading
73012,8583263283795,SiroShop,https://tiki.vn/cua-hang/siroshop
319481,3172322395323,Vua linh kiện laptop,https://tiki.vn/cua-hang/vua-linh-kien-laptop
12395,1593336204734,Vi Tính Lê Huy,https://tiki.vn/cua-hang/vi-tinh-le-huy
170124,4398181158983,Đạt Khang Network,https://tiki.vn/cua-hang/dat-khang-network
26446,8049956437241,Tin Học Hoàng Kim,https://tiki.vn/cua-hang/tin-hoc-hoang-kim
163281,9492446935808,KUBON CÔNG NGHỆ,https://tiki.vn/cua-hang/kubon-cong-nghe
29693,7911745402277,Phukien360,https://tiki.vn/cua-hang/phukien360
93856,8282954124547,Máy Tính TDC,https://tiki.vn/cua-hang/may-tinh-tdc
64160,6500963107357,Công Nghệ July,https://tiki.vn/cua-hang/cong-nghe-july
20367,3761691191136,VI TÍNH NAM TRUNG HẢI,https://tiki.vn/cua-hang/vi-tinh-nam-trung-hai
158761,8005011543490,Mực in máy in Liêu Phát,https://tiki.vn/cua-hang/muc-in-may-in-lieu-phat
73012,3585109976547,SiroShop,https://tiki.vn/cua-hang/siroshop
194888,6104867615422,Thúy phan USB WIFI WIRELESS,https://tiki.vn/cua-hang/thuy-phan-usb-wifi-wireless
241369,6781838123991,Mực In Toàn Cát Official Store,https://tiki.vn/cua-hang/muc-in-toan-cat-official-store
65686,2682232539848,Mực in máy in Nhật Hưng,https://tiki.vn/cua-hang/muc-in-may-in-vinh-hung
200265,3445176495032,Kmart Store,https://tiki.vn/cua-hang/kmart-store
200265,8796013405155,Kmart Store,https://tiki.vn/cua-hang/kmart-store
25203,3236269246923,Lagihitech2,https://tiki.vn/cua-hang/lagihitech2
25203,5909869769897,Lagihitech2,https://tiki.vn/cua-hang/lagihitech2
154163,8800250016190,TP-Link Official Store,https://tiki.vn/cua-hang/tp-link-official-store
3103,7425862113010,Vi Tính Chí Cường,https://tiki.vn/cua-hang/vi-tinh-chi-cuong
27572,6345826401554,NGUYENVUSTORE,https://tiki.vn/cua-hang/nguyenvustore
783,2134287305711,Lưu Trữ Sài Gòn,https://tiki.vn/cua-hang/luu-tru-sai-gon
306930,9804598932403,Mực in VPP Hùng Vinh,https://tiki.vn/cua-hang/muc-in-vpp-hung-vinh
226098,1942553188007,Tomko Official Store,https://tiki.vn/cua-hang/thiet-bi-hien-thi-tomko
858,5166686331036,IT CHÍNH HÃNG (HCM),https://tiki.vn/cua-hang/san-pham-it-chinh-hang-gia-tot-nhat
15937,1621048287879,VINSEC,https://tiki.vn/cua-hang/vinsec
58260,1501191779025,Shop Mall,https://tiki.vn/cua-hang/shop-mall
12395,8201754584623,Vi Tính Lê Huy,https://tiki.vn/cua-hang/vi-tinh-le-huy
65686,8168269528955,Mực in máy in Nhật Hưng,https://tiki.vn/cua-hang/muc-in-may-in-vinh-hung
1,7843516953803,Tiki Trading,https://tiki.vn/cua-hang/tiki-trading
212803,1488380771247,Thành Nhân SINCE 1994,https://tiki.vn/cua-hang/thanh-nhan-tnc
58789,8274355307352,Tech7,https://tiki.vn/cua-hang/tech7
113115,7225539937790,Deli Official Store,https://tiki.vn/cua-hang/deli-official-store
278788,1971157657234,Pixlink Office Store,https://tiki.vn/cua-hang/pixlink-office-store
196697,1889868411085,70mai flagship store,https://tiki.vn/cua-hang/70mai-flagship-store
25203,2848045305579,Lagihitech2,https://tiki.vn/cua-hang/lagihitech2
20367,9215609225659,VI TÍNH NAM TRUNG HẢI,https://tiki.vn/cua-hang/vi-tinh-nam-trung-hai
27572,9701649602407,NGUYENVUSTORE,https://tiki.vn/cua-hang/nguyenvustore
915,7790165943085,Nova Computer,https://tiki.vn/cua-hang/nova-computer
15937,3778347474798,VINSEC,https://tiki.vn/cua-hang/vinsec
200265,1878426160433,Kmart Store,https://tiki.vn/cua-hang/kmart-store
65836,7266675692644,Tin học Nguyễn Tài,https://tiki.vn/cua-hang/tin-hoc-nguyen-tai
44377,2145003104596,Pin Laptop Pro,https://tiki.vn/cua-hang/pin-laptop-pro
16972,2265778723239,TIN HỌC THÀNH NHÂN,https://tiki.vn/cua-hang/tin-hoc-thanh-nhan
9884,4580830666103,Ugreen Official Store,https://tiki.vn/cua-hang/ugreen-official-store
915,7842161203028,Nova Computer,https://tiki.vn/cua-hang/nova-computer
200265,6652497014899,Kmart Store,https://tiki.vn/cua-hang/kmart-store
1,1212563257305,Tiki Trading,https://tiki.vn/cua-hang/tiki-trading
2671,2600135457168,Công ty thiết bị máy văn phòng Hà Anh,https://tiki.vn/cua-hang/cong-ty-thiet-bi-may-van-phong-ha-anh
25203,8080275128035,Lagihitech2,https://tiki.vn/cua-hang/lagihitech2
1,1362420795794,Tiki Trading,https://tiki.vn/cua-hang/tiki-trading
236667,6010168184508,Việt Chất Store,https://tiki.vn/cua-hang/viet-chat-store
65686,6831647653311,Mực in máy in Nhật Hưng,https://tiki.vn/cua-hang/muc-in-may-in-vinh-hung
44390,2914157577568,ĐẠI LÝ PHỤ KIỆN 72,https://tiki.vn/cua-hang/dai-ly-phu-kien-72
154163,4949463730818,TP-Link Official Store,https://tiki.vn/cua-hang/tp-link-official-store
915,2946193652054,Nova Computer,https://tiki.vn/cua-hang/nova-computer
1,4626753836503,Tiki Trading,https://tiki.vn/cua-hang/tiki-trading
25203,8353452005287,Lagihitech2,https://tiki.vn/cua-hang/lagihitech2
183951,6083094906348,Shop Thành Long Mực in,https://tiki.vn/cua-hang/shop-thanh-long-muc-in
25203,7528612932844,Lagihitech2,https://tiki.vn/cua-hang/lagihitech2
241369,8531612029512,Mực In Toàn Cát Official Store,https://tiki.vn/cua-hang/muc-in-toan-cat-official-store
64160,1633965361436,Công Nghệ July,https://tiki.vn/cua-hang/cong-nghe-july
329374,2818413457428,HN COMPUTER,https://tiki.vn/cua-hang/hn-computer
110401,3953726273449,Thiên Tân Telecom,https://tiki.vn/cua-hang/thien-tan-telecom
23032,3670946302963,Tủ Rack Tủ Mạng Thắng Minh,https://tiki.vn/cua-hang/tu-rack-tu-mang-thang-minh
150169,6263266667692,CuongTriNguyen,https://tiki.vn/cua-hang/cuongtringuyen
43974,5315383014268,Mực in AZ,https://tiki.vn/cua-hang/muc-in-az
184069,9806533170045,Shop Luxubu,https://tiki.vn/cua-hang/shop-sina
52420,4720603807412,tmtsolution,https://tiki.vn/cua-hang/tmtsolution
56430,7254468936033,Máy tính Bảo Ngọc,https://tiki.vn/cua-hang/may-tinh-bao-ngoc
5872,3971758506901,GH Store,https://tiki.vn/cua-hang/gh-store
25222,1354088984330,H SHOP,https://tiki.vn/cua-hang/h-shop
72017,6997855983579,GK TECH,https://tiki.vn/cua-hang/gk-tech
25222,6736418488701,H SHOP,https://tiki.vn/cua-hang/h-shop
3844,1841514811411,NAKAPOS,https://tiki.vn/cua-hang/nakapos
115204,5441113767438,Máy in mực in vật tư in phun,https://tiki.vn/cua-hang/may-in-muc-in-vat-tu-in-phun
184069,4784461905155,Shop Luxubu,https://tiki.vn/cua-hang/shop-sina
132208,3944371573411,TTC Equipment,https://tiki.vn/cua-hang/ttc-equipment
128476,4424504899994,MKL Quốc Tế,https://tiki.vn/cua-hang/mkl-quoc-te
30787,5416038036680,AN PHAT COMPUTER,https://tiki.vn/cua-hang/an-phat-computer-can-tho
150169,2510201319911,CuongTriNguyen,https://tiki.vn/cua-hang/cuongtringuyen
170124,4978010434265,Đạt Khang Network,https://tiki.vn/cua-hang/dat-khang-network
170124,2455357333523,Đạt Khang Network,https://tiki.vn/cua-hang/dat-khang-network
170124,2674811354824,Đạt Khang Network,https://tiki.vn/cua-hang/dat-khang-network
170124,3204699138546,Đạt Khang Network,https://tiki.vn/cua-hang/dat-khang-network
86595,6933798830747,IVO,https://tiki.vn/cua-hang/ivo
184069,4273599976033,Shop Luxubu,https://tiki.vn/cua-hang/shop-sina
133440,4897778398971,Danh Shop,https://tiki.vn/cua-hang/danh-shop
20428,5956694081281,TDC computer,https://tiki.vn/cua-hang/tdc-computer
267338,6424131700553,Máy Photocopy Hoàng Nguyên,https://tiki.vn/cua-hang/may-photocopy-hoang-nguyen
208461,1621125734848,Máy văn phòng song hảo,https://tiki.vn/cua-hang/may-van-phong-song-hao
316339,3637740407640,Phụ Kiện Toàn Cầu Shop,https://tiki.vn/cua-hang/phu-kien-toan-cau-shop
25222,4452474153755,H SHOP,https://tiki.vn/cua-hang/h-shop
2859,6065385913961,Bataca,https://tiki.vn/cua-hang/bataca
273254,9734062767838,LINH KIỆN MÁY IN TRỌNG VINH,https://tiki.vn/cua-hang/linh-kien-may-in-trong-vinh
20428,4423430854598,TDC computer,https://tiki.vn/cua-hang/tdc-computer
8715,5054144648673,Máy Đếm Tiền Sao Việt,https://tiki.vn/cua-hang/ngoi-sao-viet-coltd
10657,3845805950979,LINH KIỆN TUẤN KHANH,https://tiki.vn/cua-hang/linh-kien-tuan-khanh
267996,6476797448511,Shop Camera 309,https://tiki.vn/cua-hang/shop-camera-309
255385,1985940017677,My Technology,https://tiki.vn/cua-hang/my-technology
30787,6514055970829,AN PHAT COMPUTER,https://tiki.vn/cua-hang/an-phat-computer-can-tho
11020,3681942797301,Hà Bắc Computer,https://tiki.vn/cua-hang/ha-bac-computer
282372,8901025436319,HP Flagship Ben Computer Store,https://tiki.vn/cua-hang/hp-flagship-ben-computer-store
311782,1937419082682,CÔNG TY TNHH VẬT TƯ PHÚC LONG,https://tiki.vn/cua-hang/cong-ty-tnhh-vat-tu-phuc-long
93856,4765800275981,Máy Tính TDC,https://tiki.vn/cua-hang/may-tinh-tdc
106273,2556837937562,Hitech07,https://tiki.vn/cua-hang/hitech07
14813,9198157250305,ugreenonline,https://tiki.vn/cua-hang/ugreenonline
57064,3038401889727,Máy Thiết Bị Văn Phòng Đức Lan,https://tiki.vn/cua-hang/may-thiet-bi-van-phong-duc-lan
57064,7320319093632,Máy Thiết Bị Văn Phòng Đức Lan,https://tiki.vn/cua-hang/may-thiet-bi-van-phong-duc-lan
5346,5410611121803,SIEUTHIHANGCONGNGHE,https://tiki.vn/cua-hang/sieuthihangcongnghe
126154,6977291170144,Laptop Minh Hà,https://tiki.vn/cua-hang/laptop-minh-ha
41292,3969010406604,Kho Hàng Vip,https://tiki.vn/cua-hang/kho-hang-vip
45223,3069763416713,Bảo Hân Treasures,https://tiki.vn/cua-hang/bao-han-treasures
19553,3577286263421,Trung Việt Hưng Shop,https://tiki.vn/cua-hang/trung-viet-hung-shop
133440,7287282265096,Danh Shop,https://tiki.vn/cua-hang/danh-shop
298269,7389912688944,ThuyDungShop2002,https://tiki.vn/cua-hang/thuydungshop2002
303903,9279685920127,LUCKY HOME STORE,https://tiki.vn/cua-hang/lucky-home-store
20367,2511137223625,VI TÍNH NAM TRUNG HẢI,https://tiki.vn/cua-hang/vi-tinh-nam-trung-hai
288229,8715493192575,TECHOME,https://tiki.vn/cua-hang/techome
110058,6429476481535,Hoang Trang Duong,https://tiki.vn/cua-hang/hoang-trang-duong
332928,7129895032734,MooLah,https://tiki.vn/cua-hang/moolah
260961,2199076022385,Tiến Trung Computer,https://tiki.vn/cua-hang/tien-trung-computer
47656,7513137061713,Mực in Viet Toner,https://tiki.vn/cua-hang/muc-in-viet-toner
46736,8618719165830,Vi Tính Gia Phát,https://tiki.vn/cua-hang/vi-tinh-gia-phat
3844,5576778842120,NAKAPOS,https://tiki.vn/cua-hang/nakapos
5966,1962380866832,Nhất Tín Computer (TpHCM),https://tiki.vn/cua-hang/nhat-tin-computer-tphcm
75506,7947288192907,Black pink house,https://tiki.vn/cua-hang/black-pink-house
12395,7971543322459,Vi Tính Lê Huy,https://tiki.vn/cua-hang/vi-tinh-le-huy
12395,7333521269576,Vi Tính Lê Huy,https://tiki.vn/cua-hang/vi-tinh-le-huy
12395,2568620535641,Vi Tính Lê Huy,https://tiki.vn/cua-hang/vi-tinh-le-huy
12395,2275527040239,Vi Tính Lê Huy,https://tiki.vn/cua-hang/vi-tinh-le-huy
12395,9934780507966,Vi Tính Lê Huy,https://tiki.vn/cua-hang/vi-tinh-le-huy
12395,9560703928106,Vi Tính Lê Huy,https://tiki.vn/cua-hang/vi-tinh-le-huy
12395,6080998691967,Vi Tính Lê Huy,https://tiki.vn/cua-hang/vi-tinh-le-huy
54535,9608543864680,SAFARISG,https://tiki.vn/cua-hang/safarisg
329374,6353395101389,HN COMPUTER,https://tiki.vn/cua-hang/hn-computer
158761,9037661564603,Mực in máy in Liêu Phát,https://tiki.vn/cua-hang/muc-in-may-in-lieu-phat
158761,6335591283766,Mực in máy in Liêu Phát,https://tiki.vn/cua-hang/muc-in-may-in-lieu-phat
158761,5893394535627,Mực in máy in Liêu Phát,https://tiki.vn/cua-hang/muc-in-may-in-lieu-phat
183890,5512096122007,TÁO XANH,https://tiki.vn/cua-hang/baseusvietnam
56430,7302796447285,Máy tính Bảo Ngọc,https://tiki.vn/cua-hang/may-tinh-bao-ngoc
312039,4874571926605,Âu Cơ Store,https://tiki.vn/cua-hang/au-co-store
312039,3587471987688,Âu Cơ Store,https://tiki.vn/cua-hang/au-co-store
19553,4352277340676,Trung Việt Hưng Shop,https://tiki.vn/cua-hang/trung-viet-hung-shop
133440,5778582442551,Danh Shop,https://tiki.vn/cua-hang/danh-shop
309947,2002733438085,VinhQuang91,https://tiki.vn/cua-hang/vinhquang91
20428,1576976351166,TDC computer,https://tiki.vn/cua-hang/tdc-computer
56430,9626135012666,Máy tính Bảo Ngọc,https://tiki.vn/cua-hang/may-tinh-bao-ngoc
158761,1157418665581,Mực in máy in Liêu Phát,https://tiki.vn/cua-hang/muc-in-may-in-lieu-phat
27572,9215905558834,NGUYENVUSTORE,https://tiki.vn/cua-hang/nguyenvustore
260643,9575596566560,BEECUBE HỒ CHÍ MINH,https://tiki.vn/cua-hang/beecube-ho-chi-minh
58260,6967656243689,Shop Mall,https://tiki.vn/cua-hang/shop-mall
265319,8190826154915,Shop Phân Phối Camera,https://tiki.vn/cua-hang/shop-phan-phoi-camera
64160,5744562712231,Công Nghệ July,https://tiki.vn/cua-hang/cong-nghe-july
45,7343501987870,Tin Học - Viễn Thông,https://tiki.vn/cua-hang/tin-hoc-vien-thong
308064,6312915475020,MISUFUJl OFFICIAL STORE,https://tiki.vn/cua-hang/misufujl-official-store
41387,2461566556702,HP Official Store,https://tiki.vn/cua-hang/hp-official-store
1,6611002379489,Tiki Trading,https://tiki.vn/cua-hang/tiki-trading
212803,9786046607541,Thành Nhân SINCE 1994,https://tiki.vn/cua-hang/thanh-nhan-tnc
265319,9894217989428,Shop Phân Phối Camera,https://tiki.vn/cua-hang/shop-phan-phoi-camera
2666,1278436807765,Big Store,https://tiki.vn/cua-hang/big-store
9884,9782778177761,Ugreen Official Store,https://tiki.vn/cua-hang/ugreen-official-store
308064,9689425096692,MISUFUJl OFFICIAL STORE,https://tiki.vn/cua-hang/misufujl-official-store
3103,9018758889196,Vi Tính Chí Cường,https://tiki.vn/cua-hang/vi-tinh-chi-cuong
65686,7925146118088,Mực in máy in Nhật Hưng,https://tiki.vn/cua-hang/muc-in-may-in-vinh-hung
27572,5758900659933,NGUYENVUSTORE,https://tiki.vn/cua-hang/nguyenvustore
8749,1809235794514,TOTOLINK Official Store,https://tiki.vn/cua-hang/totolink-viet-nam
12395,4031005985511,Vi Tính Lê Huy,https://tiki.vn/cua-hang/vi-tinh-le-huy
183951,7913855338489,Shop Thành Long Mực in,https://tiki.vn/cua-hang/shop-thanh-long-muc-in
314495,5271479475622,Vi tính Nhất Sơn,https://tiki.vn/cua-hang/vi-tinh-nhat-son
41387,7633949498381,HP Official Store,https://tiki.vn/cua-hang/hp-official-store
44377,3898508699980,Pin Laptop Pro,https://tiki.vn/cua-hang/pin-laptop-pro
64160,3187447153944,Công Nghệ July,https://tiki.vn/cua-hang/cong-nghe-july
44377,1734917465063,Pin Laptop Pro,https://tiki.vn/cua-hang/pin-laptop-pro
319481,1995196585432,Vua linh kiện laptop,https://tiki.vn/cua-hang/vua-linh-kien-laptop
319481,3151188806496,Vua linh kiện laptop,https://tiki.vn/cua-hang/vua-linh-kien-laptop
44377,9320871835503,Pin Laptop Pro,https://tiki.vn/cua-hang/pin-laptop-pro
44377,1947160299204,Pin Laptop Pro,https://tiki.vn/cua-hang/pin-laptop-pro
126154,8794483961927,Laptop Minh Hà,https://tiki.vn/cua-hang/laptop-minh-ha
217686,8692720336162,Mercusys Official Store,https://tiki.vn/cua-hang/mercusys-official-store
1,6686922033071,Tiki Trading,https://tiki.vn/cua-hang/tiki-trading
76796,7398157112864,Vietstore24h,https://tiki.vn/cua-hang/vietstore24h
192038,8403239288646,TTQ Store,https://tiki.vn/cua-hang/ttq-store
44377,7096700226973,Pin Laptop Pro,https://tiki.vn/cua-hang/pin-laptop-pro
64160,7391322818687,Công Nghệ July,https://tiki.vn/cua-hang/cong-nghe-july
1,5759537115231,Tiki Trading,https://tiki.vn/cua-hang/tiki-trading
309947,5665921652690,VinhQuang91,https://tiki.vn/cua-hang/vinhquang91
1,7034360979891,Tiki Trading,https://tiki.vn/cua-hang/tiki-trading
184069,7510126568044,Shop Luxubu,https://tiki.vn/cua-hang/shop-sina
296648,2330705983537,Thegioigiayinnhiet,https://tiki.vn/cua-hang/thegioigiayinnhiet
42645,1710116989494,HOÀNG BẢO KHOA,https://tiki.vn/cua-hang/tnhh-hoang-bao-khoa
168455,7720556396995,Mực In Xerox,https://tiki.vn/cua-hang/muc-in-xerox
9980,3834304979291,Minh Chau Computer,https://tiki.vn/cua-hang/minh-chau-computer
208461,7024437967275,Máy văn phòng song hảo,https://tiki.vn/cua-hang/may-van-phong-song-hao
237791,8267959889667,Tân Doanh,https://tiki.vn/cua-hang/tan-doanh
211765,4463237503818,Linh kiện điện tử Thủ Đức,https://tiki.vn/cua-hang/linh-kien-dien-tu-thu-duc
12591,8969118308816,Nguyễn Ninh Media,https://tiki.vn/cua-hang/nguyen-ninh-media
765,3226978052392,Tadavietnam,https://tiki.vn/cua-hang/tadavietnam
20850,3330545279430,THÀNH CÔNG CAMERA,https://tiki.vn/cua-hang/thanh-cong-camera
8024,4381323253539,Phụ Kiện Công Nghệ,https://tiki.vn/cua-hang/phu-kien-cong-nghe
3844,3831302386922,NAKAPOS,https://tiki.vn/cua-hang/nakapos
65781,4268694993664,Máy Tính Bảo Minh,https://tiki.vn/cua-hang/may-tinh-bao-minh
2671,3828681848141,Công ty thiết bị máy văn phòng Hà Anh,https://tiki.vn/cua-hang/cong-ty-thiet-bi-may-van-phong-ha-anh
117842,5046556815083,Hưng Thịnh HN,https://tiki.vn/cua-hang/hung-thinh-hn
22922,7008914221470,TIN HỌC TRẦN NGUYỄN,https://tiki.vn/cua-hang/tin-hoc-tran-nguyen
267338,2416773499408,Máy Photocopy Hoàng Nguyên,https://tiki.vn/cua-hang/may-photocopy-hoang-nguyen
170124,3415479038904,Đạt Khang Network,https://tiki.vn/cua-hang/dat-khang-network
184069,9963725197996,Shop Luxubu,https://tiki.vn/cua-hang/shop-sina
100405,8782580639762,Networkpro,https://tiki.vn/cua-hang/wifipro
23032,7186663985854,Tủ Rack Tủ Mạng Thắng Minh,https://tiki.vn/cua-hang/tu-rack-tu-mang-thang-minh
133062,2069738482838,congnghevn247,https://tiki.vn/cua-hang/congnghevn247
299020,2938044596364,TBVP Ánh Dương,https://tiki.vn/cua-hang/tbvp-anh-duong
8024,1748303841646,Phụ Kiện Công Nghệ,https://tiki.vn/cua-hang/phu-kien-cong-nghe
240665,2653715051606,THIẾT BỊ MÁY VĂN PHÒNG SONG HẢO,https://tiki.vn/cua-hang/thiet-bi-may-van-phong-song-hao
5872,9168044493763,GH Store,https://tiki.vn/cua-hang/gh-store
170124,8691233999243,Đạt Khang Network,https://tiki.vn/cua-hang/dat-khang-network
170124,9349436509204,Đạt Khang Network,https://tiki.vn/cua-hang/dat-khang-network
170124,5550671280359,Đạt Khang Network,https://tiki.vn/cua-hang/dat-khang-network
170124,3840409719606,Đạt Khang Network,https://tiki.vn/cua-hang/dat-khang-network
170124,2940412435932,Đạt Khang Network,https://tiki.vn/cua-hang/dat-khang-network
170124,3979229658080,Đạt Khang Network,https://tiki.vn/cua-hang/dat-khang-network
2671,3931159465594,Công ty thiết bị máy văn phòng Hà Anh,https://tiki.vn/cua-hang/cong-ty-thiet-bi-may-van-phong-ha-anh
117842,4093055325122,Hưng Thịnh HN,https://tiki.vn/cua-hang/hung-thinh-hn
298269,2783470199373,ThuyDungShop2002,https://tiki.vn/cua-hang/thuydungshop2002
24055,7308747695117,Máy chiếu NH Projector,https://tiki.vn/cua-hang/may-chieu-nh-projector
89764,2849299060504,SHOP GIẤY IN ẢNH LIBOSS,https://tiki.vn/cua-hang/cong-ty-tnhh-giay-liboss
44159,9137635512804,Thiết bị bán lẻ,https://tiki.vn/cua-hang/thiet-bi-ban-le
170124,6970952693609,Đạt Khang Network,https://tiki.vn/cua-hang/dat-khang-network
170124,6612270196810,Đạt Khang Network,https://tiki.vn/cua-hang/dat-khang-network
62739,1430364377184,TN Solution,https://tiki.vn/cua-hang/tn-solution
282372,4790021765023,HP Flagship Ben Computer Store,https://tiki.vn/cua-hang/hp-flagship-ben-computer-store
184069,6369779520499,Shop Luxubu,https://tiki.vn/cua-hang/shop-sina
26446,5064472982190,Tin Học Hoàng Kim,https://tiki.vn/cua-hang/tin-hoc-hoang-kim
149341,9990642413381,VTBC Shop,https://tiki.vn/cua-hang/vtbc-shop
231239,2751926710435,Kayotec Store,https://tiki.vn/cua-hang/kayotec-store
20428,7175134961833,TDC computer,https://tiki.vn/cua-hang/tdc-computer
30787,9922558058431,AN PHAT COMPUTER,https://tiki.vn/cua-hang/an-phat-computer-can-tho
17668,8891817022914,INDATA STORE,https://tiki.vn/cua-hang/indata-store
57064,3412548465165,Máy Thiết Bị Văn Phòng Đức Lan,https://tiki.vn/cua-hang/may-thiet-bi-van-phong-duc-lan
12854,1420686978648,ThuanThienTs,https://tiki.vn/cua-hang/thuanthients
226274,1733305100187,Shop công nghệ anh Quân,https://tiki.vn/cua-hang/shop-cong-nghe-anh-quan
326560,9008067871019,QPOS kho sỉ giấy in,https://tiki.vn/cua-hang/qpos-kho-si-giay-in
20428,7001151133643,TDC computer,https://tiki.vn/cua-hang/tdc-computer
3844,5690858161912,NAKAPOS,https://tiki.vn/cua-hang/nakapos
231239,2612510518542,Kayotec Store,https://tiki.vn/cua-hang/kayotec-store
192038,7798720663462,TTQ Store,https://tiki.vn/cua-hang/ttq-store
149341,4690179821672,VTBC Shop,https://tiki.vn/cua-hang/vtbc-shop
7934,7408640104888,Máy tính Lanh Dung,https://tiki.vn/cua-hang/may-tinh-lanh-dung
73012,3038967243440,SiroShop,https://tiki.vn/cua-hang/siroshop
1817,2912519937631,Hợp Thành Thịnh,https://tiki.vn/cua-hang/hop-thanh-thinh
3844,9184782175845,NAKAPOS,https://tiki.vn/cua-hang/nakapos
133440,7711426372727,Danh Shop,https://tiki.vn/cua-hang/danh-shop
232847,4360261557213,Gia Linh Telecom,https://tiki.vn/cua-hang/gia-linh-telecom
9316,5176292432924,TD Computer,https://tiki.vn/cua-hang/td-computer
3844,1028076865035,NAKAPOS,https://tiki.vn/cua-hang/nakapos
308736,8648999808752,Yennailspa,https://tiki.vn/cua-hang/yennailspa
12395,9723031071534,Vi Tính Lê Huy,https://tiki.vn/cua-hang/vi-tinh-le-huy
12395,7617462182149,Vi Tính Lê Huy,https://tiki.vn/cua-hang/vi-tinh-le-huy
12395,6357322612112,Vi Tính Lê Huy,https://tiki.vn/cua-hang/vi-tinh-le-huy
24055,2252118794264,Máy chiếu NH Projector,https://tiki.vn/cua-hang/may-chieu-nh-projector
6975,1615559607885,HACHI STORE,https://tiki.vn/cua-hang/hachi-store
225905,2352710223819,Bảo Bình Thiên Computer,https://tiki.vn/cua-hang/bao-binh-thien-computer
117842,3073373260931,Hưng Thịnh HN,https://tiki.vn/cua-hang/hung-thinh-hn
9316,7763371586539,TD Computer,https://tiki.vn/cua-hang/td-computer
1,8588864683309,Tiki Trading,https://tiki.vn/cua-hang/tiki-trading
1,3895282648894,Tiki Trading,https://tiki.vn/cua-hang/tiki-trading
56430,8386641012458,Máy tính Bảo Ngọc,https://tiki.vn/cua-hang/may-tinh-bao-ngoc
56430,7412390960513,Máy tính Bảo Ngọc,https://tiki.vn/cua-hang/may-tinh-bao-ngoc
312039,4633365750569,Âu Cơ Store,https://tiki.vn/cua-hang/au-co-store
312039,5803134185112,Âu Cơ Store,https://tiki.vn/cua-hang/au-co-store
56430,1501421049396,Máy tính Bảo Ngọc,https://tiki.vn/cua-hang/may-tinh-bao-ngoc
184069,6020626277195,Shop Luxubu,https://tiki.vn/cua-hang/shop-sina
312039,4552778626614,Âu Cơ Store,https://tiki.vn/cua-hang/au-co-store
2859,1903049987786,Bataca,https://tiki.vn/cua-hang/bataca
1,3141258758285,Tiki Trading,https://tiki.vn/cua-hang/tiki-trading
265319,1656973232922,Shop Phân Phối Camera,https://tiki.vn/cua-hang/shop-phan-phoi-camera
2952,8219910833628,TOPCASH - AN LONG,https://tiki.vn/cua-hang/topcash-an-long
212803,8441842766310,Thành Nhân SINCE 1994,https://tiki.vn/cua-hang/thanh-nhan-tnc
306930,6556136591594,Mực in VPP Hùng Vinh,https://tiki.vn/cua-hang/muc-in-vpp-hung-vinh
158761,3558441185088,Mực in máy in Liêu Phát,https://tiki.vn/cua-hang/muc-in-may-in-lieu-phat
314495,1465307384656,Vi tính Nhất Sơn,https://tiki.vn/cua-hang/vi-tinh-nhat-son
290202,7563036693930,ACO Tonner Cartridge,https://tiki.vn/cua-hang/aco-tonner-cartridge
224312,5790985159042,Crucial Official Store,https://tiki.vn/cua-hang/crucial-official-store
125243,2197319668141,LBM Store,https://tiki.vn/cua-hang/lbm-store
65686,9625132349790,Mực in máy in Nhật Hưng,https://tiki.vn/cua-hang/muc-in-may-in-vinh-hung
65686,2861312198506,Mực in máy in Nhật Hưng,https://tiki.vn/cua-hang/muc-in-may-in-vinh-hung
1,9842067882912,Tiki Trading,https://tiki.vn/cua-hang/tiki-trading
27572,1752704010241,NGUYENVUSTORE,https://tiki.vn/cua-hang/nguyenvustore
306930,7176540847954,Mực in VPP Hùng Vinh,https://tiki.vn/cua-hang/muc-in-vpp-hung-vinh
198481,1764507958060,Hệ Thống Phụ Kiện,https://tiki.vn/cua-hang/he-thong-phu-kien
25203,8209580735612,Lagihitech2,https://tiki.vn/cua-hang/lagihitech2
5411,6717803781324,vinet shop,https://tiki.vn/cua-hang/vinet-shop
39681,5612237930448,quickcare,https://tiki.vn/cua-hang/quickcare
44377,1997650975385,Pin Laptop Pro,https://tiki.vn/cua-hang/pin-laptop-pro
192038,1565815648547,TTQ Store,https://tiki.vn/cua-hang/ttq-store
20145,2953545692255,Linh Kiện Điện Tử 3M Cơ Sở 2,https://tiki.vn/cua-hang/linh-kien-dien-tu-3m-co-so-2
309947,4651159651983,VinhQuang91,https://tiki.vn/cua-hang/vinhquang91
5411,4201090966146,vinet shop,https://tiki.vn/cua-hang/vinet-shop
64160,3974227366713,Công Nghệ July,https://tiki.vn/cua-hang/cong-nghe-july
319481,8131530395238,Vua linh kiện laptop,https://tiki.vn/cua-hang/vua-linh-kien-laptop
26446,2118556323943,Tin Học Hoàng Kim,https://tiki.vn/cua-hang/tin-hoc-hoang-kim
65686,7337548888559,Mực in máy in Nhật Hưng,https://tiki.vn/cua-hang/muc-in-may-in-vinh-hung
176859,1965420540448,Vi tính linh kiện Vinh Phúc,https://tiki.vn/cua-hang/vi-tinh-linh-kien-vinh-phuc
319481,2886985187511,Vua linh kiện laptop,https://tiki.vn/cua-hang/vua-linh-kien-laptop
30787,2133536102233,AN PHAT COMPUTER,https://tiki.vn/cua-hang/an-phat-computer-can-tho
110920,3633846367053,Timy,https://tiki.vn/cua-hang/timy
32158,3429385189358,LAPTOP ĐIỆN THOẠI BĂNG CHÂU,https://tiki.vn/cua-hang/laptop-dien-thoai-bang-chau
273254,2918443642381,LINH KIỆN MÁY IN TRỌNG VINH,https://tiki.vn/cua-hang/linh-kien-may-in-trong-vinh
184069,8557831005488,Shop Luxubu,https://tiki.vn/cua-hang/shop-sina
273254,1893502596139,LINH KIỆN MÁY IN TRỌNG VINH,https://tiki.vn/cua-hang/linh-kien-may-in-trong-vinh
309947,7150828279166,VinhQuang91,https://tiki.vn/cua-hang/vinhquang91
208461,4425689818244,Máy văn phòng song hảo,https://tiki.vn/cua-hang/may-van-phong-song-hao
185913,2298401338101,KDZONE,https://tiki.vn/cua-hang/kdzone
315744,3231024972174,MuaCash Shop,https://tiki.vn/cua-hang/muacash-shop
170124,6697517415623,Đạt Khang Network,https://tiki.vn/cua-hang/dat-khang-network
170124,3502129080297,Đạt Khang Network,https://tiki.vn/cua-hang/dat-khang-network
170124,2940111059363,Đạt Khang Network,https://tiki.vn/cua-hang/dat-khang-network
208461,1146656996871,Máy văn phòng song hảo,https://tiki.vn/cua-hang/may-van-phong-song-hao
72017,5963343141456,GK TECH,https://tiki.vn/cua-hang/gk-tech
153486,2297280232124,mavachchico,https://tiki.vn/cua-hang/mavachchico
170124,7765643086190,Đạt Khang Network,https://tiki.vn/cua-hang/dat-khang-network
187960,7852059448328,Cửa Hàng Vpp Nguyễn Hiền,https://tiki.vn/cua-hang/cua-hang-vpp-nguyen-hien
288229,3045100209673,TECHOME,https://tiki.vn/cua-hang/techome
282372,3909384840854,HP Flagship Ben Computer Store,https://tiki.vn/cua-hang/hp-flagship-ben-computer-store
232847,4266765228955,Gia Linh Telecom,https://tiki.vn/cua-hang/gia-linh-telecom
191491,2794512589068,AChauComputer,https://tiki.vn/cua-hang/achaucomputer
93856,1849625576670,Máy Tính TDC,https://tiki.vn/cua-hang/may-tinh-tdc
168455,7948658621960,Mực In Xerox,https://tiki.vn/cua-hang/muc-in-xerox
110401,6982531610832,Thiên Tân Telecom,https://tiki.vn/cua-hang/thien-tan-telecom
240665,7260924218778,THIẾT BỊ MÁY VĂN PHÒNG SONG HẢO,https://tiki.vn/cua-hang/thiet-bi-may-van-phong-song-hao
24055,4841023071740,Máy chiếu NH Projector,https://tiki.vn/cua-hang/may-chieu-nh-projector
183951,4672943936503,Shop Thành Long Mực in,https://tiki.vn/cua-hang/shop-thanh-long-muc-in
287167,2226823808589,Máy quét mã vạch YHDAA,https://tiki.vn/cua-hang/may-quet-ma-vach-yhdaa
184069,9353017554048,Shop Luxubu,https://tiki.vn/cua-hang/shop-sina
17571,8014877694769,Thế Giới Tin Học,https://tiki.vn/cua-hang/the-gioi-tin-hoc
298269,4000207487241,ThuyDungShop2002,https://tiki.vn/cua-hang/thuydungshop2002
44390,7421525812458,ĐẠI LÝ PHỤ KIỆN 72,https://tiki.vn/cua-hang/dai-ly-phu-kien-72
240665,5986666201423,THIẾT BỊ MÁY VĂN PHÒNG SONG HẢO,https://tiki.vn/cua-hang/thiet-bi-may-van-phong-song-hao
86595,6443298704911,IVO,https://tiki.vn/cua-hang/ivo
189789,9363618556094,TWolf Computer,https://tiki.vn/cua-hang/sptech-computer
170124,2414267040641,Đạt Khang Network,https://tiki.vn/cua-hang/dat-khang-network
170124,7014998966900,Đạt Khang Network,https://tiki.vn/cua-hang/dat-khang-network
14813,4090890179068,ugreenonline,https://tiki.vn/cua-hang/ugreenonline
2671,3501448189335,Công ty thiết bị máy văn phòng Hà Anh,https://tiki.vn/cua-hang/cong-ty-thiet-bi-may-van-phong-ha-anh
4106,3942670193491,CÔNG NGHỆ TẦM NHÌN,https://tiki.vn/cua-hang/cong-nghe-tam-nhin
312039,4058942671440,Âu Cơ Store,https://tiki.vn/cua-hang/au-co-store
209676,6948532884506,Combat Gaming Gear,https://tiki.vn/cua-hang/combat-gaming-gear
271398,8576350285071,Linh Kiện Điện Tử 720,https://tiki.vn/cua-hang/linh-kien-dien-tu-720
325199,5381675266168,ARIGATO STORE,https://tiki.vn/cua-hang/arigato-store
29723,3866442756488,Máy Tính Hải Đăng,https://tiki.vn/cua-hang/may-tinh-hai-dang
47656,2085795848867,Mực in Viet Toner,https://tiki.vn/cua-hang/muc-in-viet-toner
267999,8877711332981,Congngheso247,https://tiki.vn/cua-hang/congngheso247
3844,8631924911422,NAKAPOS,https://tiki.vn/cua-hang/nakapos
273254,5265530687572,LINH KIỆN MÁY IN TRỌNG VINH,https://tiki.vn/cua-hang/linh-kien-may-in-trong-vinh
241369,9222345753549,Mực In Toàn Cát Official Store,https://tiki.vn/cua-hang/muc-in-toan-cat-official-store
19350,5668556504542,C3TEK Modems,https://tiki.vn/cua-hang/c3tek-modems
329374,2065230131603,HN COMPUTER,https://tiki.vn/cua-hang/hn-computer
303905,4871124425497,CÚM CON STORE,https://tiki.vn/cua-hang/cum-con-store
121824,3747064685084,HP Flagship Phuc Anh Store,https://tiki.vn/cua-hang/phuc-anh-smart-world
86595,7508494863246,IVO,https://tiki.vn/cua-hang/ivo
57064,4871053529623,Máy Thiết Bị Văn Phòng Đức Lan,https://tiki.vn/cua-hang/may-thiet-bi-van-phong-duc-lan
12854,7590467566186,ThuanThienTs,https://tiki.vn/cua-hang/thuanthients
326560,6019997509133,QPOS kho sỉ giấy in,https://tiki.vn/cua-hang/qpos-kho-si-giay-in
231239,9789577737761,Kayotec Store,https://tiki.vn/cua-hang/kayotec-store
298269,8957844908123,ThuyDungShop2002,https://tiki.vn/cua-hang/thuydungshop2002
329374,3846673221037,HN COMPUTER,https://tiki.vn/cua-hang/hn-computer
245498,7410672111726,ecoking,https://tiki.vn/cua-hang/ecoking
209676,6817153316860,Combat Gaming Gear,https://tiki.vn/cua-hang/combat-gaming-gear
12395,4567516009928,Vi Tính Lê Huy,https://tiki.vn/cua-hang/vi-tinh-le-huy
12395,5240126522024,Vi Tính Lê Huy,https://tiki.vn/cua-hang/vi-tinh-le-huy
131501,4645856915165,Thiết bị tự động Hưng Gia,https://tiki.vn/cua-hang/thiet-bi-tu-dong-hung-gia
12395,7528334771626,Vi Tính Lê Huy,https://tiki.vn/cua-hang/vi-tinh-le-huy
9316,6313693401011,TD Computer,https://tiki.vn/cua-hang/td-computer
3844,9690617727665,NAKAPOS,https://tiki.vn/cua-hang/nakapos
312039,5675089146253,Âu Cơ Store,https://tiki.vn/cua-hang/au-co-store
56430,5084958366681,Máy tính Bảo Ngọc,https://tiki.vn/cua-hang/may-tinh-bao-ngoc
287323,6575242630348,SILICOM STORE,https://tiki.vn/cua-hang/silicom-store
312039,7307821489899,Âu Cơ Store,https://tiki.vn/cua-hang/au-co-store
312039,1856813357328,Âu Cơ Store,https://tiki.vn/cua-hang/au-co-store
27572,9853383831306,NGUYENVUSTORE,https://tiki.vn/cua-hang/nguyenvustore
212607,1791725414599,Nguyễn Kim Official,https://tiki.vn/cua-hang/nguyen-kim-official
212607,3539300895135,Nguyễn Kim Official,https://tiki.vn/cua-hang/nguyen-kim-official
2546,6779166823038,Linh Kiện Store,https://tiki.vn/cua-hang/linh-kien-store
27572,6426059759813,NGUYENVUSTORE,https://tiki.vn/cua-hang/nguyenvustore
30953,6339186917141,Vention Store,https://tiki.vn/cua-hang/vention-store
149341,8548990176142,VTBC Shop,https://tiki.vn/cua-hang/vtbc-shop
184069,9619964714591,Shop Luxubu,https://tiki.vn/cua-hang/shop-sina
12854,6253984657313,ThuanThienTs,https://tiki.vn/cua-hang/thuanthients
308064,6005529094278,MISUFUJl OFFICIAL STORE,https://tiki.vn/cua-hang/misufujl-official-store
858,8508746752617,IT CHÍNH HÃNG (HCM),https://tiki.vn/cua-hang/san-pham-it-chinh-hang-gia-tot-nhat
200265,8257116639119,Kmart Store,https://tiki.vn/cua-hang/kmart-store
154163,1110931098178,TP-Link Official Store,https://tiki.vn/cua-hang/tp-link-official-store
154163,1144080284723,TP-Link Official Store,https://tiki.vn/cua-hang/tp-link-official-store
65686,1985730108440,Mực in máy in Nhật Hưng,https://tiki.vn/cua-hang/muc-in-may-in-vinh-hung
12395,6185393614523,Vi Tính Lê Huy,https://tiki.vn/cua-hang/vi-tinh-le-huy
308064,7182747960263,MISUFUJl OFFICIAL STORE,https://tiki.vn/cua-hang/misufujl-official-store
232139,9269394377811,Seagate Official Store,https://tiki.vn/cua-hang/seagate-official-store
308064,8846833477870,MISUFUJl OFFICIAL STORE,https://tiki.vn/cua-hang/misufujl-official-store
65686,8106749495786,Mực in máy in Nhật Hưng,https://tiki.vn/cua-hang/muc-in-may-in-vinh-hung
25203,8086848888132,Lagihitech2,https://tiki.vn/cua-hang/lagihitech2
30953,5497801512640,Vention Store,https://tiki.vn/cua-hang/vention-store
41387,4461063755186,HP Official Store,https://tiki.vn/cua-hang/hp-official-store
306930,4180323812219,Mực in VPP Hùng Vinh,https://tiki.vn/cua-hang/muc-in-vpp-hung-vinh
217686,9686088882558,Mercusys Official Store,https://tiki.vn/cua-hang/mercusys-official-store
65686,5347904246700,Mực in máy in Nhật Hưng,https://tiki.vn/cua-hang/muc-in-may-in-vinh-hung
28530,6528304065675,Phụ Kiện ÔTô Hà Nội 024,https://tiki.vn/cua-hang/phu-kien-oto-ha-noi-024
298886,3221082812583,CAMERA PHƯƠNG ĐÔNG Store,https://tiki.vn/cua-hang/camera-phuong-dong-store
269533,4795227760240,TITI Computer,https://tiki.vn/cua-hang/titi-computer
30953,8744822331479,Vention Store,https://tiki.vn/cua-hang/vention-store
25203,4734303229641,Lagihitech2,https://tiki.vn/cua-hang/lagihitech2
49929,4623816780544,68mua,https://tiki.vn/cua-hang/68mua
1,8842872219935,Tiki Trading,https://tiki.vn/cua-hang/tiki-trading
1,6589311140481,Tiki Trading,https://tiki.vn/cua-hang/tiki-trading
200265,1649622416143,Kmart Store,https://tiki.vn/cua-hang/kmart-store
5411,2084787158169,vinet shop,https://tiki.vn/cua-hang/vinet-shop
176859,8021606330240,Vi tính linh kiện Vinh Phúc,https://tiki.vn/cua-hang/vi-tinh-linh-kien-vinh-phuc
192038,2115806972782,TTQ Store,https://tiki.vn/cua-hang/ttq-store
915,3389583079802,Nova Computer,https://tiki.vn/cua-hang/nova-computer
319481,4602836089183,Vua linh kiện laptop,https://tiki.vn/cua-hang/vua-linh-kien-laptop
2671,1828538475744,Công ty thiết bị máy văn phòng Hà Anh,https://tiki.vn/cua-hang/cong-ty-thiet-bi-may-van-phong-ha-anh
184069,6610335804361,Shop Luxubu,https://tiki.vn/cua-hang/shop-sina
62739,5957052753569,TN Solution,https://tiki.vn/cua-hang/tn-solution
308231,2744319949163,MINPRO STORE,https://tiki.vn/cua-hang/minpro-store
273254,5442875082751,LINH KIỆN MÁY IN TRỌNG VINH,https://tiki.vn/cua-hang/linh-kien-may-in-trong-vinh
225905,3662999615498,Bảo Bình Thiên Computer,https://tiki.vn/cua-hang/bao-binh-thien-computer
129622,9806931289337,Chuyên gia mã vạch,https://tiki.vn/cua-hang/chuyen-gia-ma-vach
12591,6252742420781,Nguyễn Ninh Media,https://tiki.vn/cua-hang/nguyen-ninh-media
5872,3756822005658,GH Store,https://tiki.vn/cua-hang/gh-store
133440,4457841492840,Danh Shop,https://tiki.vn/cua-hang/danh-shop
14813,7237256583768,ugreenonline,https://tiki.vn/cua-hang/ugreenonline
30787,4690344839593,AN PHAT COMPUTER,https://tiki.vn/cua-hang/an-phat-computer-can-tho
133440,5682933647382,Danh Shop,https://tiki.vn/cua-hang/danh-shop
72017,4451306296639,GK TECH,https://tiki.vn/cua-hang/gk-tech
3844,2811529732468,NAKAPOS,https://tiki.vn/cua-hang/nakapos
133440,3802968874796,Danh Shop,https://tiki.vn/cua-hang/danh-shop
25222,3925717635226,H SHOP,https://tiki.vn/cua-hang/h-shop
170124,3266068895472,Đạt Khang Network,https://tiki.vn/cua-hang/dat-khang-network
170124,3681350528838,Đạt Khang Network,https://tiki.vn/cua-hang/dat-khang-network
170124,6924175951239,Đạt Khang Network,https://tiki.vn/cua-hang/dat-khang-network
170124,2456958673113,Đạt Khang Network,https://tiki.vn/cua-hang/dat-khang-network
170124,7375652452224,Đạt Khang Network,https://tiki.vn/cua-hang/dat-khang-network
170124,6873996613134,Đạt Khang Network,https://tiki.vn/cua-hang/dat-khang-network
44377,1461904786794,Pin Laptop Pro,https://tiki.vn/cua-hang/pin-laptop-pro
205033,7495283914992,Đồ Gia Dụng Thông Minh Thanh Xuân,https://tiki.vn/cua-hang/do-gia-dung-thong-minh-thanh-xuan
150169,5328330682300,CuongTriNguyen,https://tiki.vn/cua-hang/cuongtringuyen
10706,1962209551977,TRITHUCSOFT,https://tiki.vn/cua-hang/trithucsoft
240665,1371503738874,THIẾT BỊ MÁY VĂN PHÒNG SONG HẢO,https://tiki.vn/cua-hang/thiet-bi-may-van-phong-song-hao
133440,8976088097008,Danh Shop,https://tiki.vn/cua-hang/danh-shop
170124,4435734812978,Đạt Khang Network,https://tiki.vn/cua-hang/dat-khang-network
170124,9311407781910,Đạt Khang Network,https://tiki.vn/cua-hang/dat-khang-network
57690,1502128921874,Shop đồ chơi thông minh thánh gióng,https://tiki.vn/cua-hang/shop-do-choi-thong-minh-thanh-giong
45,3694902550342,Tin Học - Viễn Thông,https://tiki.vn/cua-hang/tin-hoc-vien-thong
25222,1639826565130,H SHOP,https://tiki.vn/cua-hang/h-shop
208461,9515692812913,Máy văn phòng song hảo,https://tiki.vn/cua-hang/may-van-phong-song-hao
237791,3946812394172,Tân Doanh,https://tiki.vn/cua-hang/tan-doanh
10295,5667880733432,Linh Kiện Điện Tử 3M Hà Nội,https://tiki.vn/cua-hang/linh-kien-dien-tu-3m-ha-noi
184069,4779110889731,Shop Luxubu,https://tiki.vn/cua-hang/shop-sina
23032,7505115052720,Tủ Rack Tủ Mạng Thắng Minh,https://tiki.vn/cua-hang/tu-rack-tu-mang-thang-minh
93856,6981168827187,Máy Tính TDC,https://tiki.vn/cua-hang/may-tinh-tdc
282372,6884289473497,HP Flagship Ben Computer Store,https://tiki.vn/cua-hang/hp-flagship-ben-computer-store
191491,3258404102683,AChauComputer,https://tiki.vn/cua-hang/achaucomputer
184069,4049341513836,Shop Luxubu,https://tiki.vn/cua-hang/shop-sina
6975,3754398660117,HACHI STORE,https://tiki.vn/cua-hang/hachi-store
47656,9731119480499,Mực in Viet Toner,https://tiki.vn/cua-hang/muc-in-viet-toner
273254,4873689878460,LINH KIỆN MÁY IN TRỌNG VINH,https://tiki.vn/cua-hang/linh-kien-may-in-trong-vinh
230189,4114633207134,Minh Nguyễn Computer,https://tiki.vn/cua-hang/minh-nguyen-computer
43716,9485284903913,Fatuno,https://tiki.vn/cua-hang/fatuno
209676,4388880308284,Combat Gaming Gear,https://tiki.vn/cua-hang/combat-gaming-gear
190490,5651367832695,ÁNH VIỆT PC35,https://tiki.vn/cua-hang/anh-viet-pc35
2215,5737485121810,Máy Ảnh JP,https://tiki.vn/cua-hang/may-anh-jp
101260,1296960526618,Siêu Thị Công Nghệ Online,https://tiki.vn/cua-hang/sieu-thi-cong-nghe-online
308736,7273047823549,Yennailspa,https://tiki.vn/cua-hang/yennailspa
308736,4488978123701,Yennailspa,https://tiki.vn/cua-hang/yennailspa
298018,4843528111573,Alo Linh Kiện,https://tiki.vn/cua-hang/alo-linh-kien
232847,9220808800061,Gia Linh Telecom,https://tiki.vn/cua-hang/gia-linh-telecom
48369,1139231791296,KHO SỈ CÔNG NGHỆ,https://tiki.vn/cua-hang/kho-si-cong-nghe
44377,3325977580148,Pin Laptop Pro,https://tiki.vn/cua-hang/pin-laptop-pro
129489,3290724554821,Điện Tử Phúc An,https://tiki.vn/cua-hang/dien-tu-phuc-an
9316,3144192626104,TD Computer,https://tiki.vn/cua-hang/td-computer
6975,7564247368745,HACHI STORE,https://tiki.vn/cua-hang/hachi-store
282372,8747305638681,HP Flagship Ben Computer Store,https://tiki.vn/cua-hang/hp-flagship-ben-computer-store
9316,8045828683325,TD Computer,https://tiki.vn/cua-hang/td-computer
30787,7760285396825,AN PHAT COMPUTER,https://tiki.vn/cua-hang/an-phat-computer-can-tho
73012,7580469937819,SiroShop,https://tiki.vn/cua-hang/siroshop
46736,7259660215201,Vi Tính Gia Phát,https://tiki.vn/cua-hang/vi-tinh-gia-phat
30787,1590875552368,AN PHAT COMPUTER,https://tiki.vn/cua-hang/an-phat-computer-can-tho
12395,2964133007016,Vi Tính Lê Huy,https://tiki.vn/cua-hang/vi-tinh-le-huy
1242,7423218453445,"Vo Hoang Trading Co.,Ltd",https://tiki.vn/cua-hang/vo-hoang-trading-coltd
231239,8683580158756,Kayotec Store,https://tiki.vn/cua-hang/kayotec-store
158761,9222405047013,Mực in máy in Liêu Phát,https://tiki.vn/cua-hang/muc-in-may-in-lieu-phat
133440,6612776383143,Danh Shop,https://tiki.vn/cua-hang/danh-shop
158761,3005799801620,Mực in máy in Liêu Phát,https://tiki.vn/cua-hang/muc-in-may-in-lieu-phat
56430,8277729116183,Máy tính Bảo Ngọc,https://tiki.vn/cua-hang/may-tinh-bao-ngoc
1,8401177804501,Tiki Trading,https://tiki.vn/cua-hang/tiki-trading
2170,3615865983662,Hangchinhhieu(TP.HCM),https://tiki.vn/cua-hang/hangchinhhieutphcm
56430,3874434344163,Máy tính Bảo Ngọc,https://tiki.vn/cua-hang/may-tinh-bao-ngoc
148768,5853708510410,Nụ Cười,https://tiki.vn/cua-hang/nu-cuoi
3844,4490690013393,NAKAPOS,https://tiki.vn/cua-hang/nakapos
298886,8989807118813,CAMERA PHƯƠNG ĐÔNG Store,https://tiki.vn/cua-hang/camera-phuong-dong-store
1,1087586318918,Tiki Trading,https://tiki.vn/cua-hang/tiki-trading
25203,6812893612236,Lagihitech2,https://tiki.vn/cua-hang/lagihitech2
692,7111915808100,Shoptida Official Store,https://tiki.vn/cua-hang/cua-hang-babyhop
54535,5680372696596,SAFARISG,https://tiki.vn/cua-hang/safarisg
306930,6482295684128,Mực in VPP Hùng Vinh,https://tiki.vn/cua-hang/muc-in-vpp-hung-vinh
60386,8021492811493,VNB STORE,https://tiki.vn/cua-hang/vnb-store
60386,8564352802011,VNB STORE,https://tiki.vn/cua-hang/vnb-store
12395,9052539729499,Vi Tính Lê Huy,https://tiki.vn/cua-hang/vi-tinh-le-huy
296464,2518319824833,Samsung Memory Official Store,https://tiki.vn/cua-hang/samsung-memory-official-store
140258,7465812503342,vpp chợ lớn,https://tiki.vn/cua-hang/vpp-cho-lon
308064,9692037886318,MISUFUJl OFFICIAL STORE,https://tiki.vn/cua-hang/misufujl-official-store
154163,4604875495852,TP-Link Official Store,https://tiki.vn/cua-hang/tp-link-official-store
58260,4239430677736,Shop Mall,https://tiki.vn/cua-hang/shop-mall
8749,6348874273733,TOTOLINK Official Store,https://tiki.vn/cua-hang/totolink-viet-nam
783,4248791161863,Lưu Trữ Sài Gòn,https://tiki.vn/cua-hang/luu-tru-sai-gon
8749,1931551574817,TOTOLINK Official Store,https://tiki.vn/cua-hang/totolink-viet-nam
783,1588450728606,Lưu Trữ Sài Gòn,https://tiki.vn/cua-hang/luu-tru-sai-gon
1,9983767975938,Tiki Trading,https://tiki.vn/cua-hang/tiki-trading
232139,7698542944919,Seagate Official Store,https://tiki.vn/cua-hang/seagate-official-store
27572,6363676817724,NGUYENVUSTORE,https://tiki.vn/cua-hang/nguyenvustore
271398,3576651345562,Linh Kiện Điện Tử 720,https://tiki.vn/cua-hang/linh-kien-dien-tu-720
296464,8449933469212,Samsung Memory Official Store,https://tiki.vn/cua-hang/samsung-memory-official-store
308064,4407829401766,MISUFUJl OFFICIAL STORE,https://tiki.vn/cua-hang/misufujl-official-store
308064,7913777645223,MISUFUJl OFFICIAL STORE,https://tiki.vn/cua-hang/misufujl-official-store
1,6544778105943,Tiki Trading,https://tiki.vn/cua-hang/tiki-trading
12395,1388856471519,Vi Tính Lê Huy,https://tiki.vn/cua-hang/vi-tinh-le-huy
25203,5237613130815,Lagihitech2,https://tiki.vn/cua-hang/lagihitech2
12395,1198384301024,Vi Tính Lê Huy,https://tiki.vn/cua-hang/vi-tinh-le-huy
149312,4376866097217,Brother Official Store,https://tiki.vn/cua-hang/brother-official-store
25203,3285533518369,Lagihitech2,https://tiki.vn/cua-hang/lagihitech2
154163,8438441424497,TP-Link Official Store,https://tiki.vn/cua-hang/tp-link-official-store
265319,2836811978161,Shop Phân Phối Camera,https://tiki.vn/cua-hang/shop-phan-phoi-camera
915,8238657919280,Nova Computer,https://tiki.vn/cua-hang/nova-computer
113115,7265981006228,Deli Official Store,https://tiki.vn/cua-hang/deli-official-store
309947,4186694603816,VinhQuang91,https://tiki.vn/cua-hang/vinhquang91
65686,3424569823875,Mực in máy in Nhật Hưng,https://tiki.vn/cua-hang/muc-in-may-in-vinh-hung
783,9224404090523,Lưu Trữ Sài Gòn,https://tiki.vn/cua-hang/luu-tru-sai-gon
133062,2064101291482,congnghevn247,https://tiki.vn/cua-hang/congnghevn247
20367,2179893682490,VI TÍNH NAM TRUNG HẢI,https://tiki.vn/cua-hang/vi-tinh-nam-trung-hai
16972,4103952290463,TIN HỌC THÀNH NHÂN,https://tiki.vn/cua-hang/tin-hoc-thanh-nhan
110920,3383587417890,Timy,https://tiki.vn/cua-hang/timy
12395,7648008122246,Vi Tính Lê Huy,https://tiki.vn/cua-hang/vi-tinh-le-huy
1242,8770144844522,"Vo Hoang Trading Co.,Ltd",https://tiki.vn/cua-hang/vo-hoang-trading-coltd
58260,6474588303903,Shop Mall,https://tiki.vn/cua-hang/shop-mall
56543,1635189681913,Phân Phối Phụ Kiện,https://tiki.vn/cua-hang/phan-phoi-phu-kien
12854,8002427113553,ThuanThienTs,https://tiki.vn/cua-hang/thuanthients
192038,6752686256961,TTQ Store,https://tiki.vn/cua-hang/ttq-store
319481,5455360379524,Vua linh kiện laptop,https://tiki.vn/cua-hang/vua-linh-kien-laptop
192038,5342239279503,TTQ Store,https://tiki.vn/cua-hang/ttq-store
16972,3005603238277,TIN HỌC THÀNH NHÂN,https://tiki.vn/cua-hang/tin-hoc-thanh-nhan
329374,9916869978345,HN COMPUTER,https://tiki.vn/cua-hang/hn-computer
319481,4991945146882,Vua linh kiện laptop,https://tiki.vn/cua-hang/vua-linh-kien-laptop
44377,2924771614786,Pin Laptop Pro,https://tiki.vn/cua-hang/pin-laptop-pro
64160,3650184285727,Công Nghệ July,https://tiki.vn/cua-hang/cong-nghe-july
16972,7497323945945,TIN HỌC THÀNH NHÂN,https://tiki.vn/cua-hang/tin-hoc-thanh-nhan
44377,2124309449273,Pin Laptop Pro,https://tiki.vn/cua-hang/pin-laptop-pro
319481,5154427375590,Vua linh kiện laptop,https://tiki.vn/cua-hang/vua-linh-kien-laptop
12395,6965479393784,Vi Tính Lê Huy,https://tiki.vn/cua-hang/vi-tinh-le-huy
319481,4419137705089,Vua linh kiện laptop,https://tiki.vn/cua-hang/vua-linh-kien-laptop
187121,5537212309927,Phụ Kiện Hoàn Linh,https://tiki.vn/cua-hang/phu-kien-hoan-linh
44377,8300519899471,Pin Laptop Pro,https://tiki.vn/cua-hang/pin-laptop-pro
192038,2162060422796,TTQ Store,https://tiki.vn/cua-hang/ttq-store
1,5009739791925,Tiki Trading,https://tiki.vn/cua-hang/tiki-trading
319481,4322123533292,Vua linh kiện laptop,https://tiki.vn/cua-hang/vua-linh-kien-laptop
164796,8781113277857,WK Store,https://tiki.vn/cua-hang/wk-store
296648,5235441167726,Thegioigiayinnhiet,https://tiki.vn/cua-hang/thegioigiayinnhiet
100405,2675484491138,Networkpro,https://tiki.vn/cua-hang/wifipro
11667,4930161526368,Máy Đếm Tiền Oudis,https://tiki.vn/cua-hang/may-dem-tien-oudis
184069,7280048060613,Shop Luxubu,https://tiki.vn/cua-hang/shop-sina
20428,4282546525047,TDC computer,https://tiki.vn/cua-hang/tdc-computer
187885,8577763390904,KN Smart,https://tiki.vn/cua-hang/kn-smart
183951,7816676538366,Shop Thành Long Mực in,https://tiki.vn/cua-hang/shop-thanh-long-muc-in
232847,2293672234769,Gia Linh Telecom,https://tiki.vn/cua-hang/gia-linh-telecom
147294,4500774962143,SKP Technology Group,https://tiki.vn/cua-hang/skp-technology-group
234671,7240183336459,KMK international,https://tiki.vn/cua-hang/kmk-international
45,6102180123440,Tin Học - Viễn Thông,https://tiki.vn/cua-hang/tin-hoc-vien-thong
133440,5222898565866,Danh Shop,https://tiki.vn/cua-hang/danh-shop
72017,2038233583982,GK TECH,https://tiki.vn/cua-hang/gk-tech
72017,6130765633633,GK TECH,https://tiki.vn/cua-hang/gk-tech
5346,3065915668919,SIEUTHIHANGCONGNGHE,https://tiki.vn/cua-hang/sieuthihangcongnghe
43974,8370606262731,Mực in AZ,https://tiki.vn/cua-hang/muc-in-az
269533,7234437056291,TITI Computer,https://tiki.vn/cua-hang/titi-computer
38546,9330238853854,Linh Phụ Kiện P And D,https://tiki.vn/cua-hang/linh-phu-kien-p-and-d
150169,4562229493651,CuongTriNguyen,https://tiki.vn/cua-hang/cuongtringuyen
65781,6951275426931,Máy Tính Bảo Minh,https://tiki.vn/cua-hang/may-tinh-bao-minh
148835,1997489093763,RDS Mart,https://tiki.vn/cua-hang/rds-mart
2671,2835671666709,Công ty thiết bị máy văn phòng Hà Anh,https://tiki.vn/cua-hang/cong-ty-thiet-bi-may-van-phong-ha-anh
3844,2860909243493,NAKAPOS,https://tiki.vn/cua-hang/nakapos
170124,5209345270881,Đạt Khang Network,https://tiki.vn/cua-hang/dat-khang-network
170124,4095746471563,Đạt Khang Network,https://tiki.vn/cua-hang/dat-khang-network
170124,6358453570356,Đạt Khang Network,https://tiki.vn/cua-hang/dat-khang-network
170124,5220304325227,Đạt Khang Network,https://tiki.vn/cua-hang/dat-khang-network
170124,5899604429549,Đạt Khang Network,https://tiki.vn/cua-hang/dat-khang-network
170124,7606146003638,Đạt Khang Network,https://tiki.vn/cua-hang/dat-khang-network
170124,9414888157063,Đạt Khang Network,https://tiki.vn/cua-hang/dat-khang-network
170124,8212526761366,Đạt Khang Network,https://tiki.vn/cua-hang/dat-khang-network
170124,1186985492749,Đạt Khang Network,https://tiki.vn/cua-hang/dat-khang-network
170124,1245263228396,Đạt Khang Network,https://tiki.vn/cua-hang/dat-khang-network
190490,8087296487470,ÁNH VIỆT PC35,https://tiki.vn/cua-hang/anh-viet-pc35
3844,9219373936888,NAKAPOS,https://tiki.vn/cua-hang/nakapos
20428,4934138583130,TDC computer,https://tiki.vn/cua-hang/tdc-computer
116331,6513616779417,Máy Tính Tuấn Anh BV,https://tiki.vn/cua-hang/may-tinh-tuan-anh-bv
133440,4047604654495,Danh Shop,https://tiki.vn/cua-hang/danh-shop
298269,3118812442713,ThuyDungShop2002,https://tiki.vn/cua-hang/thuydungshop2002
9316,2609628950646,TD Computer,https://tiki.vn/cua-hang/td-computer
170124,9026898354518,Đạt Khang Network,https://tiki.vn/cua-hang/dat-khang-network
20428,5416065523448,TDC computer,https://tiki.vn/cua-hang/tdc-computer
237785,9623818148106,StarLink Phụ Kiện Kết Nối,https://tiki.vn/cua-hang/starlink-phu-kien-ket-noi
238186,7924397171134,SGCE,https://tiki.vn/cua-hang/sgce
25222,4648392355096,H SHOP,https://tiki.vn/cua-hang/h-shop
2671,5258907061623,Công ty thiết bị máy văn phòng Hà Anh,https://tiki.vn/cua-hang/cong-ty-thiet-bi-may-van-phong-ha-anh
5346,2357197111926,SIEUTHIHANGCONGNGHE,https://tiki.vn/cua-hang/sieuthihangcongnghe
246374,5101112594015,Trí Quân Phone,https://tiki.vn/cua-hang/tri-quan-phone
308231,8291575199064,MINPRO STORE,https://tiki.vn/cua-hang/minpro-store
325199,2046140173339,ARIGATO STORE,https://tiki.vn/cua-hang/arigato-store
64160,8544395461885,Công Nghệ July,https://tiki.vn/cua-hang/cong-nghe-july
282372,6733111629890,HP Flagship Ben Computer Store,https://tiki.vn/cua-hang/hp-flagship-ben-computer-store
29693,3585793200650,Phukien360,https://tiki.vn/cua-hang/phukien360
170124,7985850842712,Đạt Khang Network,https://tiki.vn/cua-hang/dat-khang-network
126154,7606786275686,Laptop Minh Hà,https://tiki.vn/cua-hang/laptop-minh-ha
287167,6600769181398,Máy quét mã vạch YHDAA,https://tiki.vn/cua-hang/may-quet-ma-vach-yhdaa
183951,1195790397979,Shop Thành Long Mực in,https://tiki.vn/cua-hang/shop-thanh-long-muc-in
48369,8739158181782,KHO SỈ CÔNG NGHỆ,https://tiki.vn/cua-hang/kho-si-cong-nghe
309947,7698175974566,VinhQuang91,https://tiki.vn/cua-hang/vinhquang91
310711,6340121060976,Điện Tử Số 40,https://tiki.vn/cua-hang/dien-tu-so-40
19553,9733302289226,Trung Việt Hưng Shop,https://tiki.vn/cua-hang/trung-viet-hung-shop
29693,4688095811979,Phukien360,https://tiki.vn/cua-hang/phukien360
5346,5731884968654,SIEUTHIHANGCONGNGHE,https://tiki.vn/cua-hang/sieuthihangcongnghe
177403,6171072367024,NORIFAMILY PLAZA,https://tiki.vn/cua-hang/norifamily-plaza
45,8326585004984,Tin Học - Viễn Thông,https://tiki.vn/cua-hang/tin-hoc-vien-thong
45223,1074589158987,Bảo Hân Treasures,https://tiki.vn/cua-hang/bao-han-treasures
12395,3176380948037,Vi Tính Lê Huy,https://tiki.vn/cua-hang/vi-tinh-le-huy
12395,4667354537413,Vi Tính Lê Huy,https://tiki.vn/cua-hang/vi-tinh-le-huy
12395,3169094226581,Vi Tính Lê Huy,https://tiki.vn/cua-hang/vi-tinh-le-huy
128445,1433806835269,Phuc tri shop,https://tiki.vn/cua-hang/phuc-tri-shop
30787,6651798333759,AN PHAT COMPUTER,https://tiki.vn/cua-hang/an-phat-computer-can-tho
13069,2435084542876,Maytinhauco,https://tiki.vn/cua-hang/maytinhauco
335727,2324019755427,Máy Tính Minh Tú,https://tiki.vn/cua-hang/may-tinh-minh-tu
262105,8182141517299,Homecare247,https://tiki.vn/cua-hang/homecare247
5346,7857566964399,SIEUTHIHANGCONGNGHE,https://tiki.vn/cua-hang/sieuthihangcongnghe
309961,8042110469743,GAGROUP,https://tiki.vn/cua-hang/gagroup
183951,2207370441709,Shop Thành Long Mực in,https://tiki.vn/cua-hang/shop-thanh-long-muc-in
56430,9754514028333,Máy tính Bảo Ngọc,https://tiki.vn/cua-hang/may-tinh-bao-ngoc
56430,4599955649897,Máy tính Bảo Ngọc,https://tiki.vn/cua-hang/may-tinh-bao-ngoc
56430,7409864470491,Máy tính Bảo Ngọc,https://tiki.vn/cua-hang/may-tinh-bao-ngoc
158761,3735945732705,Mực in máy in Liêu Phát,https://tiki.vn/cua-hang/muc-in-may-in-lieu-phat
56430,8060218606917,Máy tính Bảo Ngọc,https://tiki.vn/cua-hang/may-tinh-bao-ngoc
56430,8355033159259,Máy tính Bảo Ngọc,https://tiki.vn/cua-hang/may-tinh-bao-ngoc
287323,6776455532245,SILICOM STORE,https://tiki.vn/cua-hang/silicom-store
56430,9781384786842,Máy tính Bảo Ngọc,https://tiki.vn/cua-hang/may-tinh-bao-ngoc
309947,6632610249437,VinhQuang91,https://tiki.vn/cua-hang/vinhquang91
46736,8735563486568,Vi Tính Gia Phát,https://tiki.vn/cua-hang/vi-tinh-gia-phat
308064,2386906804243,MISUFUJl OFFICIAL STORE,https://tiki.vn/cua-hang/misufujl-official-store
24055,8078429403827,Máy chiếu NH Projector,https://tiki.vn/cua-hang/may-chieu-nh-projector
45223,5774718374796,Bảo Hân Treasures,https://tiki.vn/cua-hang/bao-han-treasures
1,9204232939250,Tiki Trading,https://tiki.vn/cua-hang/tiki-trading
3844,9724596798335,NAKAPOS,https://tiki.vn/cua-hang/nakapos
259728,1709722212026,MSmart Offical,https://tiki.vn/cua-hang/msmart-offical
259728,8720074307429,MSmart Offical,https://tiki.vn/cua-hang/msmart-offical
259728,6684597882905,MSmart Offical,https://tiki.vn/cua-hang/msmart-offical
259728,2933063512092,MSmart Offical,https://tiki.vn/cua-hang/msmart-offical
259728,2138161787466,MSmart Offical,https://tiki.vn/cua-hang/msmart-offical
259728,1486418406116,MSmart Offical,https://tiki.vn/cua-hang/msmart-offical
65836,6908235829431,Tin học Nguyễn Tài,https://tiki.vn/cua-hang/tin-hoc-nguyen-tai
12395,1585782882898,Vi Tính Lê Huy,https://tiki.vn/cua-hang/vi-tinh-le-huy
15937,4260505150381,VINSEC,https://tiki.vn/cua-hang/vinsec
200265,1405885236373,Kmart Store,https://tiki.vn/cua-hang/kmart-store
6975,9963353010113,HACHI STORE,https://tiki.vn/cua-hang/hachi-store
200265,4278808932517,Kmart Store,https://tiki.vn/cua-hang/kmart-store
3844,7348451021882,NAKAPOS,https://tiki.vn/cua-hang/nakapos
45223,7295881752603,Bảo Hân Treasures,https://tiki.vn/cua-hang/bao-han-treasures
9884,3259970125054,Ugreen Official Store,https://tiki.vn/cua-hang/ugreen-official-store
1,6590106557703,Tiki Trading,https://tiki.vn/cua-hang/tiki-trading
10657,7051451231096,LINH KIỆN TUẤN KHANH,https://tiki.vn/cua-hang/linh-kien-tuan-khanh
154163,1961604187389,TP-Link Official Store,https://tiki.vn/cua-hang/tp-link-official-store
67624,2834450645348,AKIA SmartHome Store,https://tiki.vn/cua-hang/akia-smart-home
64160,1651986689261,Công Nghệ July,https://tiki.vn/cua-hang/cong-nghe-july
194888,7402421321357,Thúy phan USB WIFI WIRELESS,https://tiki.vn/cua-hang/thuy-phan-usb-wifi-wireless
53713,5088293113848,linhkien1984,https://tiki.vn/cua-hang/linhkien1984
858,3663803166407,IT CHÍNH HÃNG (HCM),https://tiki.vn/cua-hang/san-pham-it-chinh-hang-gia-tot-nhat
329374,5185371721413,HN COMPUTER,https://tiki.vn/cua-hang/hn-computer
783,9640194607148,Lưu Trữ Sài Gòn,https://tiki.vn/cua-hang/luu-tru-sai-gon
2483,2934007560756,AGOL SHOP,https://tiki.vn/cua-hang/agol-shop
231239,9170718121448,Kayotec Store,https://tiki.vn/cua-hang/kayotec-store
43974,9551876403373,Mực in AZ,https://tiki.vn/cua-hang/muc-in-az
64160,9426618294715,Công Nghệ July,https://tiki.vn/cua-hang/cong-nghe-july
59640,8108678461832,Extreme Zero Online,https://tiki.vn/cua-hang/extreme-zero-online
126154,8459161104160,Laptop Minh Hà,https://tiki.vn/cua-hang/laptop-minh-ha
2671,8355275577507,Công ty thiết bị máy văn phòng Hà Anh,https://tiki.vn/cua-hang/cong-ty-thiet-bi-may-van-phong-ha-anh
170124,4513789285133,Đạt Khang Network,https://tiki.vn/cua-hang/dat-khang-network
44377,2359343309201,Pin Laptop Pro,https://tiki.vn/cua-hang/pin-laptop-pro
170124,6012827444800,Đạt Khang Network,https://tiki.vn/cua-hang/dat-khang-network
44377,5707253340130,Pin Laptop Pro,https://tiki.vn/cua-hang/pin-laptop-pro
16972,5407379686743,TIN HỌC THÀNH NHÂN,https://tiki.vn/cua-hang/tin-hoc-thanh-nhan
302021,4776670258088,IMOU OFFICIAL STORE,https://tiki.vn/cua-hang/imou-official-store
170124,3730874374320,Đạt Khang Network,https://tiki.vn/cua-hang/dat-khang-network
192038,3783515245479,TTQ Store,https://tiki.vn/cua-hang/ttq-store
126154,1085237469938,Laptop Minh Hà,https://tiki.vn/cua-hang/laptop-minh-ha
73012,8031417127993,SiroShop,https://tiki.vn/cua-hang/siroshop
129537,4030499058424,Mi Hoàng Gia,https://tiki.vn/cua-hang/mi-hoang-gia
5411,5605567718341,vinet shop,https://tiki.vn/cua-hang/vinet-shop
192038,3722286389834,TTQ Store,https://tiki.vn/cua-hang/ttq-store
65836,6885945382875,Tin học Nguyễn Tài,https://tiki.vn/cua-hang/tin-hoc-nguyen-tai
56543,3033065855465,Phân Phối Phụ Kiện,https://tiki.vn/cua-hang/phan-phoi-phu-kien
319481,8825243843049,Vua linh kiện laptop,https://tiki.vn/cua-hang/vua-linh-kien-laptop
192038,7618978610863,TTQ Store,https://tiki.vn/cua-hang/ttq-store
319481,5581510218497,Vua linh kiện laptop,https://tiki.vn/cua-hang/vua-linh-kien-laptop
1,3789818638885,Tiki Trading,https://tiki.vn/cua-hang/tiki-trading
53713,3549384165092,linhkien1984,https://tiki.vn/cua-hang/linhkien1984
1,8507438191741,Tiki Trading,https://tiki.vn/cua-hang/tiki-trading
1,5433195475547,Tiki Trading,https://tiki.vn/cua-hang/tiki-trading
309947,7105757091748,VinhQuang91,https://tiki.vn/cua-hang/vinhquang91
53713,6381762834565,linhkien1984,https://tiki.vn/cua-hang/linhkien1984
915,7840723790054,Nova Computer,https://tiki.vn/cua-hang/nova-computer
26446,2526753449644,Tin Học Hoàng Kim,https://tiki.vn/cua-hang/tin-hoc-hoang-kim
2666,9071435160444,Big Store,https://tiki.vn/cua-hang/big-store
16972,3634404893400,TIN HỌC THÀNH NHÂN,https://tiki.vn/cua-hang/tin-hoc-thanh-nhan
298269,4559184129801,ThuyDungShop2002,https://tiki.vn/cua-hang/thuydungshop2002
184069,5837054613918,Shop Luxubu,https://tiki.vn/cua-hang/shop-sina
62739,5520520865453,TN Solution,https://tiki.vn/cua-hang/tn-solution
168455,6379877824505,Mực In Xerox,https://tiki.vn/cua-hang/muc-in-xerox
39003,4637425637526,CISCOSHOP,https://tiki.vn/cua-hang/ciscoshop
222124,6846880683921,Vật Dụng Nhà Đẹp,https://tiki.vn/cua-hang/vat-dung-nha-dep
183951,2625693241048,Shop Thành Long Mực in,https://tiki.vn/cua-hang/shop-thanh-long-muc-in
184069,5385523790462,Shop Luxubu,https://tiki.vn/cua-hang/shop-sina
5346,4018271088435,SIEUTHIHANGCONGNGHE,https://tiki.vn/cua-hang/sieuthihangcongnghe
5872,3829846472300,GH Store,https://tiki.vn/cua-hang/gh-store
43974,2668200953540,Mực in AZ,https://tiki.vn/cua-hang/muc-in-az
3844,9918228794133,NAKAPOS,https://tiki.vn/cua-hang/nakapos
190490,7220486751984,ÁNH VIỆT PC35,https://tiki.vn/cua-hang/anh-viet-pc35
76905,1275492027043,Giấy In Bill,https://tiki.vn/cua-hang/giay-in-bill
184069,4793003981329,Shop Luxubu,https://tiki.vn/cua-hang/shop-sina
3844,1036676922303,NAKAPOS,https://tiki.vn/cua-hang/nakapos
170124,4968036605729,Đạt Khang Network,https://tiki.vn/cua-hang/dat-khang-network
133062,3939880107613,congnghevn247,https://tiki.vn/cua-hang/congnghevn247
170124,2344866697963,Đạt Khang Network,https://tiki.vn/cua-hang/dat-khang-network
170124,5873119848518,Đạt Khang Network,https://tiki.vn/cua-hang/dat-khang-network
170124,6447631758262,Đạt Khang Network,https://tiki.vn/cua-hang/dat-khang-network
170124,7010633836265,Đạt Khang Network,https://tiki.vn/cua-hang/dat-khang-network
170124,1985625796559,Đạt Khang Network,https://tiki.vn/cua-hang/dat-khang-network
25222,6238379946903,H SHOP,https://tiki.vn/cua-hang/h-shop
72017,7350548790325,GK TECH,https://tiki.vn/cua-hang/gk-tech
12591,4121436689246,Nguyễn Ninh Media,https://tiki.vn/cua-hang/nguyen-ninh-media
43974,4072562660789,Mực in AZ,https://tiki.vn/cua-hang/muc-in-az
46362,2973076940250,HungThinh864,https://tiki.vn/cua-hang/hungthinh864
188890,1853368950135,VDUTechCom,https://tiki.vn/cua-hang/vdutechcom
20428,5898544862953,TDC computer,https://tiki.vn/cua-hang/tdc-computer
24055,2166270170985,Máy chiếu NH Projector,https://tiki.vn/cua-hang/may-chieu-nh-projector
25222,5638648313170,H SHOP,https://tiki.vn/cua-hang/h-shop
13093,6538456138383,CÔNG TY VILOCOM,https://tiki.vn/cua-hang/cong-ty-vilocom
56430,6916274637150,Máy tính Bảo Ngọc,https://tiki.vn/cua-hang/may-tinh-bao-ngoc
5346,2937564052378,SIEUTHIHANGCONGNGHE,https://tiki.vn/cua-hang/sieuthihangcongnghe
282372,1623455797115,HP Flagship Ben Computer Store,https://tiki.vn/cua-hang/hp-flagship-ben-computer-store
150169,4672836470078,CuongTriNguyen,https://tiki.vn/cua-hang/cuongtringuyen
223340,6308637574093,Điện Tử Minh Nhật,https://tiki.vn/cua-hang/dien-tu-minh-nhat
298269,3332629911154,ThuyDungShop2002,https://tiki.vn/cua-hang/thuydungshop2002
226274,1491844841751,Shop công nghệ anh Quân,https://tiki.vn/cua-hang/shop-cong-nghe-anh-quan
237785,8895375567073,StarLink Phụ Kiện Kết Nối,https://tiki.vn/cua-hang/starlink-phu-kien-ket-noi
5346,5715011709826,SIEUTHIHANGCONGNGHE,https://tiki.vn/cua-hang/sieuthihangcongnghe
233891,1356760717750,RFID LA GI,https://tiki.vn/cua-hang/rfid-la-gi
1242,7701164214954,"Vo Hoang Trading Co.,Ltd",https://tiki.vn/cua-hang/vo-hoang-trading-coltd
3844,8536096384029,NAKAPOS,https://tiki.vn/cua-hang/nakapos
232847,6618715628547,Gia Linh Telecom,https://tiki.vn/cua-hang/gia-linh-telecom
20367,3249029258673,VI TÍNH NAM TRUNG HẢI,https://tiki.vn/cua-hang/vi-tinh-nam-trung-hai
17668,7043896754865,INDATA STORE,https://tiki.vn/cua-hang/indata-store
171944,9724049823372,ITSHOP247,https://tiki.vn/cua-hang/itshop-hcm
133062,4137662798474,congnghevn247,https://tiki.vn/cua-hang/congnghevn247
3844,8202862191863,NAKAPOS,https://tiki.vn/cua-hang/nakapos
57064,2011145093629,Máy Thiết Bị Văn Phòng Đức Lan,https://tiki.vn/cua-hang/may-thiet-bi-van-phong-duc-lan
45,3900561807511,Tin Học - Viễn Thông,https://tiki.vn/cua-hang/tin-hoc-vien-thong
1377,5097005397421,Vi Tính Bảo An,https://tiki.vn/cua-hang/vi-tinh-bao-an
24055,1530421073363,Máy chiếu NH Projector,https://tiki.vn/cua-hang/may-chieu-nh-projector
3103,4258252540322,Vi Tính Chí Cường,https://tiki.vn/cua-hang/vi-tinh-chi-cuong
41387,3330154041558,HP Official Store,https://tiki.vn/cua-hang/hp-official-store
309947,7137001458133,VinhQuang91,https://tiki.vn/cua-hang/vinhquang91
27572,3541918460601,NGUYENVUSTORE,https://tiki.vn/cua-hang/nguyenvustore
2430,6656366920458,Mực in Thuận Phong,https://tiki.vn/cua-hang/thanhliem
20850,1896780771457,THÀNH CÔNG CAMERA,https://tiki.vn/cua-hang/thanh-cong-camera
65686,1636886391964,Mực in máy in Nhật Hưng,https://tiki.vn/cua-hang/muc-in-may-in-vinh-hung
65836,6130507120211,Tin học Nguyễn Tài,https://tiki.vn/cua-hang/tin-hoc-nguyen-tai
30787,4074301370367,AN PHAT COMPUTER,https://tiki.vn/cua-hang/an-phat-computer-can-tho
30787,2593677335878,AN PHAT COMPUTER,https://tiki.vn/cua-hang/an-phat-computer-can-tho
65686,2891896579880,Mực in máy in Nhật Hưng,https://tiki.vn/cua-hang/muc-in-may-in-vinh-hung
16972,6371409424457,TIN HỌC THÀNH NHÂN,https://tiki.vn/cua-hang/tin-hoc-thanh-nhan
48369,2470495630908,KHO SỈ CÔNG NGHỆ,https://tiki.vn/cua-hang/kho-si-cong-nghe
200265,4123599712955,Kmart Store,https://tiki.vn/cua-hang/kmart-store
65686,2477918877767,Mực in máy in Nhật Hưng,https://tiki.vn/cua-hang/muc-in-may-in-vinh-hung
30787,4841167964559,AN PHAT COMPUTER,https://tiki.vn/cua-hang/an-phat-computer-can-tho
101260,4201890917788,Siêu Thị Công Nghệ Online,https://tiki.vn/cua-hang/sieu-thi-cong-nghe-online
12395,7223967827418,Vi Tính Lê Huy,https://tiki.vn/cua-hang/vi-tinh-le-huy
187121,4008719812535,Phụ Kiện Hoàn Linh,https://tiki.vn/cua-hang/phu-kien-hoan-linh
65686,3918629984649,Mực in máy in Nhật Hưng,https://tiki.vn/cua-hang/muc-in-may-in-vinh-hung
259728,1895908234477,MSmart Offical,https://tiki.vn/cua-hang/msmart-offical
259728,9797839969331,MSmart Offical,https://tiki.vn/cua-hang/msmart-offical
259728,8066437066515,MSmart Offical,https://tiki.vn/cua-hang/msmart-offical
27572,7187245413796,NGUYENVUSTORE,https://tiki.vn/cua-hang/nguyenvustore
56430,8365640079205,Máy tính Bảo Ngọc,https://tiki.vn/cua-hang/may-tinh-bao-ngoc
126154,4350343506588,Laptop Minh Hà,https://tiki.vn/cua-hang/laptop-minh-ha
1,3396383626079,Tiki Trading,https://tiki.vn/cua-hang/tiki-trading
259728,8081468864138,MSmart Offical,https://tiki.vn/cua-hang/msmart-offical
65686,2051863465947,Mực in máy in Nhật Hưng,https://tiki.vn/cua-hang/muc-in-may-in-vinh-hung
15937,4296420291656,VINSEC,https://tiki.vn/cua-hang/vinsec
48369,8655017571670,KHO SỈ CÔNG NGHỆ,https://tiki.vn/cua-hang/kho-si-cong-nghe
226098,4341018025517,Tomko Official Store,https://tiki.vn/cua-hang/thiet-bi-hien-thi-tomko
45223,8346522274516,Bảo Hân Treasures,https://tiki.vn/cua-hang/bao-han-treasures
46736,9506331143993,Vi Tính Gia Phát,https://tiki.vn/cua-hang/vi-tinh-gia-phat
30787,2977923936274,AN PHAT COMPUTER,https://tiki.vn/cua-hang/an-phat-computer-can-tho
65686,6487284908860,Mực in máy in Nhật Hưng,https://tiki.vn/cua-hang/muc-in-may-in-vinh-hung
2671,8213883586731,Công ty thiết bị máy văn phòng Hà Anh,https://tiki.vn/cua-hang/cong-ty-thiet-bi-may-van-phong-ha-anh
59640,4488605621732,Extreme Zero Online,https://tiki.vn/cua-hang/extreme-zero-online
312039,3194872297007,Âu Cơ Store,https://tiki.vn/cua-hang/au-co-store
154163,6386241405379,TP-Link Official Store,https://tiki.vn/cua-hang/tp-link-official-store
154163,4349320052336,TP-Link Official Store,https://tiki.vn/cua-hang/tp-link-official-store
1,5009228800503,Tiki Trading,https://tiki.vn/cua-hang/tiki-trading
1242,6102890209397,"Vo Hoang Trading Co.,Ltd",https://tiki.vn/cua-hang/vo-hoang-trading-coltd
25203,9228639538167,Lagihitech2,https://tiki.vn/cua-hang/lagihitech2
15937,8403942067940,VINSEC,https://tiki.vn/cua-hang/vinsec
12395,7061770946659,Vi Tính Lê Huy,https://tiki.vn/cua-hang/vi-tinh-le-huy
222389,1079327502759,Viễn Thông Gia Phát,https://tiki.vn/cua-hang/vien-thong-gia-phat
44377,4912678353769,Pin Laptop Pro,https://tiki.vn/cua-hang/pin-laptop-pro
238186,7431661289902,SGCE,https://tiki.vn/cua-hang/sgce
308736,7381386054023,Yennailspa,https://tiki.vn/cua-hang/yennailspa
44377,5712078304908,Pin Laptop Pro,https://tiki.vn/cua-hang/pin-laptop-pro
12395,1637714799828,Vi Tính Lê Huy,https://tiki.vn/cua-hang/vi-tinh-le-huy
170124,6789829868683,Đạt Khang Network,https://tiki.vn/cua-hang/dat-khang-network
44377,1162755627723,Pin Laptop Pro,https://tiki.vn/cua-hang/pin-laptop-pro
5346,3242266688233,SIEUTHIHANGCONGNGHE,https://tiki.vn/cua-hang/sieuthihangcongnghe
170124,3028592598320,Đạt Khang Network,https://tiki.vn/cua-hang/dat-khang-network
20367,6379228780716,VI TÍNH NAM TRUNG HẢI,https://tiki.vn/cua-hang/vi-tinh-nam-trung-hai
3103,9154879685471,Vi Tính Chí Cường,https://tiki.vn/cua-hang/vi-tinh-chi-cuong
192038,9762674799910,TTQ Store,https://tiki.vn/cua-hang/ttq-store
200265,2858823557898,Kmart Store,https://tiki.vn/cua-hang/kmart-store
126154,4250410556222,Laptop Minh Hà,https://tiki.vn/cua-hang/laptop-minh-ha
44377,1158989228805,Pin Laptop Pro,https://tiki.vn/cua-hang/pin-laptop-pro
285466,4029723697017,Giga Digital,https://tiki.vn/cua-hang/giga-digital
5411,9027367658333,vinet shop,https://tiki.vn/cua-hang/vinet-shop
20367,3997029315819,VI TÍNH NAM TRUNG HẢI,https://tiki.vn/cua-hang/vi-tinh-nam-trung-hai
149312,2838169999098,Brother Official Store,https://tiki.vn/cua-hang/brother-official-store
176859,4654606304694,Vi tính linh kiện Vinh Phúc,https://tiki.vn/cua-hang/vi-tinh-linh-kien-vinh-phuc
2666,1495802222627,Big Store,https://tiki.vn/cua-hang/big-store
26446,5599802539146,Tin Học Hoàng Kim,https://tiki.vn/cua-hang/tin-hoc-hoang-kim
319481,2447511563311,Vua linh kiện laptop,https://tiki.vn/cua-hang/vua-linh-kien-laptop
319481,5308024687649,Vua linh kiện laptop,https://tiki.vn/cua-hang/vua-linh-kien-laptop
65686,7709076140318,Mực in máy in Nhật Hưng,https://tiki.vn/cua-hang/muc-in-may-in-vinh-hung
44377,4923345761350,Pin Laptop Pro,https://tiki.vn/cua-hang/pin-laptop-pro
44377,8205801278661,Pin Laptop Pro,https://tiki.vn/cua-hang/pin-laptop-pro
1,7470262522062,Tiki Trading,https://tiki.vn/cua-hang/tiki-trading
44377,9086432912402,Pin Laptop Pro,https://tiki.vn/cua-hang/pin-laptop-pro
65836,8533462594371,Tin học Nguyễn Tài,https://tiki.vn/cua-hang/tin-hoc-nguyen-tai
192038,3847751220968,TTQ Store,https://tiki.vn/cua-hang/ttq-store
12395,8929967613544,Vi Tính Lê Huy,https://tiki.vn/cua-hang/vi-tinh-le-huy
314495,2406295934525,Vi tính Nhất Sơn,https://tiki.vn/cua-hang/vi-tinh-nhat-son
5411,8778077035417,vinet shop,https://tiki.vn/cua-hang/vinet-shop
192038,4010108377610,TTQ Store,https://tiki.vn/cua-hang/ttq-store
1,9275002456015,Tiki Trading,https://tiki.vn/cua-hang/tiki-trading
312039,2041654153242,Âu Cơ Store,https://tiki.vn/cua-hang/au-co-store
58789,6922769116256,Tech7,https://tiki.vn/cua-hang/tech7
11960,7206192407075,SURFACEVIET,https://tiki.vn/cua-hang/surfaceviet
30787,4026712606892,AN PHAT COMPUTER,https://tiki.vn/cua-hang/an-phat-computer-can-tho
27572,3052587067267,NGUYENVUSTORE,https://tiki.vn/cua-hang/nguyenvustore
12395,8183034242251,Vi Tính Lê Huy,https://tiki.vn/cua-hang/vi-tinh-le-huy
315744,6203449826809,MuaCash Shop,https://tiki.vn/cua-hang/muacash-shop
312039,2145204777967,Âu Cơ Store,https://tiki.vn/cua-hang/au-co-store
118690,6961381076280,Hung Danh Computer,https://tiki.vn/cua-hang/hung-danh-computer
163281,6320111486304,KUBON CÔNG NGHỆ,https://tiki.vn/cua-hang/kubon-cong-nghe
20428,1134896189836,TDC computer,https://tiki.vn/cua-hang/tdc-computer
118690,2089895910943,Hung Danh Computer,https://tiki.vn/cua-hang/hung-danh-computer
3103,1583501104617,Vi Tính Chí Cường,https://tiki.vn/cua-hang/vi-tinh-chi-cuong
1,3795104157985,Tiki Trading,https://tiki.vn/cua-hang/tiki-trading
118690,8056295442724,Hung Danh Computer,https://tiki.vn/cua-hang/hung-danh-computer
57154,4488109877643,Agiadep Brand,https://tiki.vn/cua-hang/agiadep-brand
125243,7512341167715,LBM Store,https://tiki.vn/cua-hang/lbm-store
56430,2703101955027,Máy tính Bảo Ngọc,https://tiki.vn/cua-hang/may-tinh-bao-ngoc
858,7621239751581,IT CHÍNH HÃNG (HCM),https://tiki.vn/cua-hang/san-pham-it-chinh-hang-gia-tot-nhat
300492,2616648986032,GALAX Official Store,https://tiki.vn/cua-hang/galax-official-store
7934,3453389057950,Máy tính Lanh Dung,https://tiki.vn/cua-hang/may-tinh-lanh-dung
296375,4621571522938,Home Decor Furniture,https://tiki.vn/cua-hang/home-decor-furniture
31379,6773658618159,Máy Văn Phòng Á Mỹ,https://tiki.vn/cua-hang/may-van-phong-a-my
1,8044574134534,Tiki Trading,https://tiki.vn/cua-hang/tiki-trading
188682,6755805279836,2BIT TECHNOLOGY,https://tiki.vn/cua-hang/2bit-viet-nam
46736,3031228054691,Vi Tính Gia Phát,https://tiki.vn/cua-hang/vi-tinh-gia-phat
281941,3592192079167,Dreamee Phụ kiện Setup,https://tiki.vn/cua-hang/dreamee-phu-kien-setup
56430,7064955431066,Máy tính Bảo Ngọc,https://tiki.vn/cua-hang/may-tinh-bao-ngoc
25203,9451636381406,Lagihitech2,https://tiki.vn/cua-hang/lagihitech2
43766,5142466288269,OPTORI,https://tiki.vn/cua-hang/adi-ami
56430,8470736944226,Máy tính Bảo Ngọc,https://tiki.vn/cua-hang/may-tinh-bao-ngoc
7585,2114930975395,Maytinh ANHUNG,https://tiki.vn/cua-hang/maytinh-anhung
147294,7592180305616,SKP Technology Group,https://tiki.vn/cua-hang/skp-technology-group
20428,1492835165791,TDC computer,https://tiki.vn/cua-hang/tdc-computer
1,5276609835352,Tiki Trading,https://tiki.vn/cua-hang/tiki-trading
40831,8802035649569,CTY TNHH CONG NGHE VNSO,https://tiki.vn/cua-hang/cty-tnhh-cong-nghe-vnso
1,6551632660062,Tiki Trading,https://tiki.vn/cua-hang/tiki-trading
148835,5110411105412,RDS Mart,https://tiki.vn/cua-hang/rds-mart
1,1159280337777,Tiki Trading,https://tiki.vn/cua-hang/tiki-trading
3103,6006510792408,Vi Tính Chí Cường,https://tiki.vn/cua-hang/vi-tinh-chi-cuong
96299,5536215325363,FengZhiLife,https://tiki.vn/cua-hang/fengzhilife
310947,6094125896018,Techzones Siêu Thị Điện Tử,https://tiki.vn/cua-hang/techzones-sieu-thi-dien-tu
312039,3809819884646,Âu Cơ Store,https://tiki.vn/cua-hang/au-co-store
7585,4416056575373,Maytinh ANHUNG,https://tiki.vn/cua-hang/maytinh-anhung
12854,2125330015513,ThuanThienTs,https://tiki.vn/cua-hang/thuanthients
3103,4466961172099,Vi Tính Chí Cường,https://tiki.vn/cua-hang/vi-tinh-chi-cuong
29693,4420006549998,Phukien360,https://tiki.vn/cua-hang/phukien360
58789,5317388690463,Tech7,https://tiki.vn/cua-hang/tech7
783,8281517588157,Lưu Trữ Sài Gòn,https://tiki.vn/cua-hang/luu-tru-sai-gon
300019,1502141177626,HappyLive Store,https://tiki.vn/cua-hang/happylive-store
9786,5945696469821,Kiwivision,https://tiki.vn/cua-hang/kiwivision
298552,8453649141366,Cô em hitech,https://tiki.vn/cua-hang/co-em-hitech
33284,2473556600474,Ben Computer,https://tiki.vn/cua-hang/ben-computer
1,2764140160113,Tiki Trading,https://tiki.vn/cua-hang/tiki-trading
48369,5233533821527,KHO SỈ CÔNG NGHỆ,https://tiki.vn/cua-hang/kho-si-cong-nghe
57154,2217567970457,Agiadep Brand,https://tiki.vn/cua-hang/agiadep-brand
209676,7859039807154,Combat Gaming Gear,https://tiki.vn/cua-hang/combat-gaming-gear
27572,5165141920901,NGUYENVUSTORE,https://tiki.vn/cua-hang/nguyenvustore
225905,7357837138507,Bảo Bình Thiên Computer,https://tiki.vn/cua-hang/bao-binh-thien-computer
